0.140496253227165,0.965206663076967,0,0.0404500773020759,0.310382659910764,0.999912643660674,0,0,0,0,0,0.079263945850408,0.0136693590993501,0,0.658211894824062,0,0,0,0,0.999828528990337,0,0.0665036490108037,0,0,0,0,0,0,0.17526324622555,0,0,0,0,0,0,0,0.0136693590993501,0,0,0,0,0,0,0,0,0,0,0.17526324622555,0,0.0535665097691875,0,0.862201785679688,0.0136693590993501,0,0.079263945850408,0,0,0.0136693590993501,0,0.439021719391063,0,0,0,0,0,0,0.0404500773020759,0,0,0,0,0.399056804009479,0,0,0,0,0,0,0,0.20862391166959,0,0,0,0.0136693590993501,0,0,0.0404500773020759,0,0,0,0,0,0,0,0,0,0,0,0.0271518668205132,0,0.0535665097691875,0,0,0,0,0,0,0,0,0,0,0,0,0,0.15224511858904,0,0,0.706231842998894,0,0.319809286973582,0
0,0.999810420795219,0.00506157175444799,0.0299877215714591,0.17537632327825,0.999999630917735,0.0151079864124489,0,0,0,0.200104908497015,0.025052957157324,0.0151079864124489,0.0200930880096051,0.123602082411981,0,0,0,0,0.98342956702776,0,0.0446426538938661,0,0.0100975240002705,0,0,0,0,0.0151079864124489,0,0,0,0,0,0,0.00506157175444799,0,0.0200930880096051,0,0,0,0.0151079864124489,0,0,0.0779822448295353,0,0,0.0590761796978708,0,0,0,0.26992962378153,0.191945559389425,0,0,0.0299877215714591,0,0,0.490791903249869,0,0,0,0,0,0,0,0,0,0,0.00506157175444799,0,0,0,0,0,0,0,0.0446426538938661,0,0.0872923412410446,0,0,0,0,0,0,0,0,0.0151079864124489,0.0151079864124489,0,0,0,0,0,0.179550215188394,0,0,0,0,0,0,0,0,0,0,0,0,0,0,0,0,0,0,0,0,0,0,0,0,0
0.00814276722579962,0.999778083094824,0.024229927606515,0,0,0.824744335985291,0,0,0,0,0.0321753961719168,0,0.0400561666362907,0.00814276722579962,0.999996734427518,0.00814276722579962,0,0,0,0.899488615242488,0,0,0,0,0.00814276722579962,0.00814276722579962,0,0,0,0,0,0,0,0,0,0,0,0,0,0,0.00814276722579962,0,0,0,0.00814276722579962,0,0.0321753961719168,0.00814276722579962,0,0.00814276722579962,0.0162192297935057,0,0.0556257162584754,0,0,0,0,0,0.204616441862827,0,0,0,0,0,0,0,0,0,0.00814276722579962,0.307830581081083,0,0.00814276722579962,0,0,0,0,0,0,0,0,0,0,0.00814276722579962,0,0,0,0,0,0,0,0,0,0,0,0,0,0.00814276722579962,0.00814276722579962,0,0,0,0,0,0,0,0,0,0,0,0,0,0,0,0,0,0,0,0,0,0,0
0.0199070805309083,0.999999999177699,0.0199070805309083,0.095650592130845,0.224851004886846,0.999946335623551,0.00668021947351265,0,0,0,0.0264543163373976,0,0.0585402550408093,0,0.0895687113068216,0,0,0.00668021947351265,0,0.97880549661606,0.00668021947351265,0.095650592130845,0,0,0.0264543163373976,0.0199070805309083,0.0710765575305334,0,0.0329578151717547,0,0,0,0,0,0,0,0,0.00668021947351265,0,0.00668021947351265,0,0.0329578151717547,0,0,0.15427903317522,0,0,0.131298118807255,0,0.00668021947351265,0,0,0.0710765575305334,0.013315813614811,0.0264543163373976,0,0,0.0329578151717547,0.991762715320504,0.0199070805309083,0.0329578151717547,0,0,0,0,0.00668021947351265,0,0,0,0,0.0329578151717547,0.0199070805309083,0,0,0,0,0.0199070805309083,0,0,0.00668021947351265,0,0,0.00668021947351265,0,0,0,0,0,0,0,0,0,0.0394178692065526,0,0.0264543163373976,0,0,0,0,0,0.00668021947351265,0,0,0,0,0,0,0,0,0,0,0,0,0,0,0.013315813614811,0,0,0,0,0
0,0.998097283890667,0.187135408442064,0,0.114742666856519,0.999982559817916,0.177167849053685,0,0,0.0240807004406337,0.280405659470657,0,0.136060283508822,0.0928990403784618,0.03590271488846,0.070516424840558,0,0,0,0.924512663987088,0,0,0.047581520747556,0.070516424840558,0,0,0.0121137213427012,0,0,0.125466427506802,0.0240807004406337,0,0,0.0121137213427012,0,0.0121137213427012,0,0,0.0240807004406337,0.0121137213427012,0,0.0121137213427012,0,0,0.146525808491288,0.047581520747556,0,0,0,0.0240807004406337,0.146525808491288,0,0.167078064830822,0.0121137213427012,0,0,0,0,0.999999973675682,0,0.0121137213427012,0,0,0,0,0.0121137213427012,0,0,0.047581520747556,0.235191030582285,0,0.0240807004406337,0,0,0,0,0,0,0.0591188528068593,0,0,0,0,0,0,0,0,0,0,0,0,0,0,0,0.0240807004406337,0,0.047581520747556,0,0.03590271488846,0.0121137213427012,0,0,0,0,0,0,0,0,0.0121137213427012,0,0,0,0,0,0,0,0,0,0,0,0
0.00613647624766809,0.999999999261784,0.00613647624766809,0,0.255809572830092,0.995475597879513,0,0,0,0,0,0,0.0243208898372052,0,0.173716080076197,0.255809572830092,0,0,0,0.995797746795274,0,0.048050273991937,0,0,0.0421725888339511,0.012235296154598,0.203675988710524,0,0.0881964583774675,0,0,0,0,0,0,0,0,0,0,0.012235296154598,0,0.00613647624766809,0,0,0.00613647624766809,0,0.0993526447440305,0.104879445847084,0.0937917191531738,0.0937917191531738,0,0,0,0,0,0,0.00613647624766809,0.0712025384087368,0.91262369935971,0.104879445847084,0,0,0,0,0,0,0,0,0,0.00613647624766809,0.346048012744502,0.104879445847084,0.0182966907980302,0,0,0,0,0,0,0.00613647624766809,0.012235296154598,0,0.158316049076485,0,0,0,0,0,0,0,0,0,0.012235296154598,0,0,0,0,0.00613647624766809,0,0,0,0.012235296154598,0.00613647624766809,0,0,0,0,0,0,0,0,0,0,0,0,0,0.00613647624766809,0,0,0,0
0,0.908820779064092,0.0240811680718294,0,0.314650142719812,0.999998495008066,0,0,0.0121139580254357,0,0.249050111204586,0,0.0359034078380395,0.0181157949320294,0.216323209269224,0.798650444105496,0,0,0.00607543446468519,0.99998790341028,0,0,0,0,0,0,0,0,0.00607543446468519,0,0,0,0,0,0.0417607135013458,0,0,0,0.00607543446468519,0,0,0.0121139580254357,0,0,0,0,0.0300102989780611,0,0,0,0,0,0.509825537846351,0,0,0,0,0.0121139580254357,0.0240811680718294,0.280410314364439,0,0,0,0,0,0,0.00607543446468519,0,0,0,0.00607543446468519,0,0,0,0,0,0,0,0,0,0,0.00607543446468519,0,0,0,0,0.00607543446468519,0.00607543446468519,0,0,0,0,0,0,0.0121139580254357,0,0,0,0,0,0,0,0,0.0240811680718294,0,0.00607543446468519,0,0,0,0,0,0,0,0,0,0,0,0.00607543446468519,0,0.0121139580254357,0
0.032823751029102,0.999999937091352,0,0.022003992216404,0.37327254289148,0.994639389330332,0.0110631932304289,0,0,0,0.0274289176020853,0,0.0165488070214679,0,0.348388368213024,0.44546026237753,0,0.00554698111495932,0,0.999603125807805,0,0.00554698111495932,0,0.0110631932304289,0.0110631932304289,0.0110631932304289,0,0,0.0165488070214679,0,0.00554698111495932,0,0,0,0,0,0,0,0.00554698111495932,0,0,0,0,0,0,0,0,0,0,0.0110631932304289,0,0,0.100292917155287,0,0,0.929970456200457,0,0.00554698111495932,0.745474943766957,0,0,0,0,0,0,0,0.0110631932304289,0,0,0.318737217136826,0.0165488070214679,0.0274289176020853,0.0110631932304289,0,0.00554698111495932,0,0,0,0,0,0,0,0,0,0,0.0165488070214679,0,0,0,0,0,0,0,0,0,0,0.0435238087593485,0.00554698111495932,0,0.00554698111495932,0,0,0.00554698111495932,0.00554698111495932,0,0,0,0,0,0,0,0,0,0,0,0,0,0,0,0,0
0.0198062288999074,0.996757572036009,0,0,0.177205464186135,0.996098470396249,0.00498876488315809,0,0,0,0.00995264199125675,0,0.00498876488315809,0.0198062288999074,0.30238647767304,0.17308015550473,0,0,0,0.999980058462227,0.00498876488315809,0,0,0.00995264199125675,0.00498876488315809,0.0295617465857265,0.0295617465857265,0,0.00995264199125675,0.00498876488315809,0,0,0,0.00498876488315809,0,0,0,0,0,0,0,0.00995264199125675,0,0,0.0148917554835542,0,0.0148917554835542,0.0148917554835542,0,0.0246961851638618,0.00498876488315809,0,0.0722739130485404,0,0,0.999998829892115,0,0.0148917554835542,0.946908260801343,0.05352786938214,0,0,0,0,0,0,0,0,0,0.0198062288999074,0.0246961851638618,0.0582495963102542,0.00498876488315809,0,0,0,0.0198062288999074,0,0,0,0,0,0,0,0,0,0,0,0.00995264199125675,0.00498876488315809,0,0,0,0,0.0148917554835542,0,0,0,0,0,0,0.00498876488315809,0.00498876488315809,0,0,0,0,0,0,0,0,0,0,0,0,0,0,0,0,0,0
0.00920835180604677,0.999999429110816,0.00614836149797708,0.0183319098691096,0.793785660779359,0.999977253170085,0.00307892062509636,0,0.00307892062509636,0,0.0303661010875634,0,0.0273714549998049,0,0.145524272983361,0.798189241789995,0,0,0,0.999995251060629,0.00920835180604677,0,0.00614836149797708,0,0,0.0213543879988126,0.00307892062509636,0,0.0539937134508034,0,0,0,0,0,0,0.00307892062509636,0,0.253939568003981,0.00307892062509636,0,0,0,0,0.00307892062509636,0.379958513327321,0,0,0.0122589206468443,0,0.00920835180604677,0,0,0.0122589206468443,0.213786016309207,0.00614836149797708,0,0,0.0273714549998049,0.893735953103347,0.458628952495142,0,0,0,0,0,0,0.00307892062509636,0,0.00614836149797708,0,0.00614836149797708,0.0153000970283197,0,0,0,0.00307892062509636,0,0.00920835180604677,0.00614836149797708,0,0,0,0,0,0.00307892062509636,0,0,0,0,0,0,0,0,0,0.00307892062509636,0.00307892062509636,0,0,0,0,0,0.0303661010875634,0,0,0,0,0,0,0,0,0.0939650958157332,0,0,0,0,0,0.00307892062509636,0,0,0.00920835180604677,0
0,0.96758644145975,0,0,0.309050392830168,0.996160153726689,0,0,0,0,0.00424027631866929,0,0.00846257269407991,0,0,0.41952546632337,0,0,0,0.997780518316819,0,0,0.00424027631866929,0,0,0,0,0,0,0,0,0,0,0,0.0657289398418589,0,0,0.326443998063356,0,0,0,0,0,0,0,0,0,0,0,0.00424027631866929,0,0,0.00846257269407991,0,0,0,0,0,0.978807493965297,0.42198683874211,0,0.0375215725037897,0,0,0,0,0.00846257269407991,0,0,0,0,0,0,0,0,0,0,0,0,0,0,0,0,0,0.00846257269407991,0,0,0,0,0,0,0,0,0,0.00424027631866929,0,0,0,0,0,0,0,0,0,0.00424027631866929,0,0,0,0,0,0,0,0,0,0,0,0,0,0,0.0168535302515572,0.00846257269407991
0.0307100791400748,1,0.00621888536729519,0.0215974234058382,0.00311429209126244,0.409707214664009,0,0,0,0,0.0123990961993788,0.00621888536729519,0.00931381003304179,0,0.455689030425219,0,0.00311429209126244,0,0.00311429209126244,0.873955045796634,0,0.00621888536729519,0.00311429209126244,0,0.00931381003304179,0.0154747738834087,0.00311429209126244,0,0.051644243963898,0.0123990961993788,0,0,0,0,0,0,0,0,0.00931381003304179,0,0,0,0,0,0.00621888536729519,0,0,0.00311429209126244,0,0.0246444548121962,0,0,0.0427283981139053,0.0123990961993788,0,0,0,0.051644243963898,0.0276819968727435,0,0.00931381003304179,0,0,0,0.00931381003304179,0,0,0,0,0,0.0457096214928493,0.048681560471402,0.00311429209126244,0,0,0,0,0,0,0,0.00311429209126244,0,0,0.00311429209126244,0,0,0,0,0,0,0,0,0,0,0,0,0,0,0,0,0.00311429209126244,0,0,0,0,0,0,0,0,0,0.00311429209126244,0.00311429209126244,0.00931381003304179,0,0,0,0,0,0,0.00311429209126244,0
0.141007723083995,0.551010590678113,0.00370034040985839,0.234264645841185,0.384698982955382,0.999999999992533,0,0,0,0,0.0575903795567907,0.00738698830056795,0.00738698830056795,0,0.684292877056085,0.0985959727401089,0.0292221570085104,0,0,0.999951923644424,0.00370034040985839,0.032814365489927,0,0.0183652825908912,0.199430729562634,0.108565496178855,0.0470507664280249,0,0.294237950671544,0.00370034040985839,0,0,0.0147194090049832,0,0,0,0,0,0.0110599943391106,0.0363932815771391,0.00370034040985839,0,0,0,0.0918877582345852,0,0.0147194090049832,0.105254633743563,0,0.02199766520344,0,0,0,0,0.068013424624016,0,0,0.19047741434794,0.999957930157308,0.0851296214517129,0.0147194090049832,0,0.00370034040985839,0,0,0,0,0,0,0.0147194090049832,0.384698982955382,0.118424756744805,0.0110599943391106,0,0,0,0,0,0,0,0.00370034040985839,0.00370034040985839,0.0256166067638236,0.0110599943391106,0,0,0,0,0,0.00370034040985839,0,0,0,0.032814365489927,0.00370034040985839,0,0,0.0147194090049832,0.0435114331324775,0,0,0.00370034040985839,0,0,0,0,0,0,0.00738698830056795,0,0,0,0,0.00370034040985839,0,0,0,0,0,0,0
0,0.99999985362729,0,0.0314484027706741,0,0.261813266836996,0,0,0,0,0.557278694802535,0,0,0,0.0158498096177973,0.00795655821823874,0,0,0,0.225570134050797,0,0,0,0,0.0391547399413973,0.00795655821823874,0,0,0,0,0,0,0,0,0,0,0,0,0,0,0,0,0,0,0,0,0,0.0158498096177973,0,0,0,0,0,0,0.023680257903064,0.243908833004309,0,0.0158498096177973,0.133931132295362,0,0,0,0.00795655821823874,0,0,0,0,0,0,0.174462948479568,0.0391547399413973,0,0.00795655821823874,0,0,0,0,0,0,0,0,0,0,0,0,0,0.00795655821823874,0,0.023680257903064,0,0,0,0,0,0,0.981869633327186,0,0,0,0,0,0,0,0,0,0,0,0,0,0,0,0,0,0,0,0,0,0.0158498096177973,0,0,0
0,0.143601680916943,0.0110117564562193,0.00441933971010039,0.0704741937852747,0.98207669653549,0,0.00221211658494288,0.00221211658494288,0,0.641327114451504,0,0.00441933971010039,0.0153824314737348,0.00881914885672751,0.301457908682692,0,0,0,0.999999975044,0,0.00221211658494288,0,0.122483437186316,0,0.00221211658494288,0,0.00221211658494288,0,0.0305282437494255,0.00221211658494288,0,0.00221211658494288,0,0,0,0,0.00221211658494288,0.00662168020037607,0,0,0,0,0,0.186130076109798,0,0,0,0,0.0110117564562193,0,0,0.00441933971010039,0.120537964632051,0,0.999975764854693,0,0.00662168020037607,0.748896422040798,0.0766292164120253,0,0,0,0.0867971505996845,0,0,0.00221211658494288,0,0,0,0,0,0,0,0,0.0745820840922425,0,0,0,0,0,0,0.00441933971010039,0,0,0,0,0,0,0.00662168020037607,0,0,0,0.00221211658494288,0,0,0,0,0,0,0,0,0,0,0,0,0,0,0,0,0,0,0,0,0,0,0,0,0,0,0
0.0519553309030224,0.934485430343799,0.199330407338723,0.00885285706192417,0.585356169020915,0.999999999999735,0.0891425792144549,0,0,0.0263241457769544,0.436479648134619,0,0.0686668376117427,0.0219854101943556,0.230736837782627,0.966817805923148,0,0,0,0.999999999992519,0.00443626877126755,0,0.0306436335623813,0.0810068643435993,0.0132498521798714,0.00885285706192417,0.0434874621272971,0.0176273410456895,0.0132498521798714,0.113120122741234,0.0132498521798714,0.0132498521798714,0,0,0.00885285706192417,0.128753456804234,0.00443626877126755,0,0.105198573614639,0.00885285706192417,0,0.00885285706192417,0,0.00443626877126755,0.144111216756024,0.00885285706192417,0.0176273410456895,0.0263241457769544,0.00443626877126755,0.0263241457769544,0.0392252069165198,0,0.0769117969753957,0,0.00443626877126755,0,0,0.0519553309030224,0.982272662825231,0.583508500789469,0.0176273410456895,0,0.00443626877126755,0,0,0.0132498521798714,0.0219854101943556,0,0.00443626877126755,0.515540057193519,0.0219854101943556,0.109168153238998,0,0,0,0,0,0,0.0306436335623813,0.00443626877126755,0.00443626877126755,0,0.0132498521798714,0,0,0.0132498521798714,0.00443626877126755,0,0,0,0,0.00443626877126755,0.00885285706192417,0,0.00885285706192417,0.00443626877126755,0,0.0176273410456895,0.0219854101943556,0,0,0.0132498521798714,0,0,0.00885285706192417,0,0,0,0,0,0.00443626877126755,0.00443626877126755,0,0,0,0,0,0,0.00443626877126755,0,0.00443626877126755
0,0.983086555457183,0.0320742647782004,0,0.254275634387915,0.964533357315084,0.0115753111651277,0.0138742449680915,0.00232585631351812,0,0.225968094797145,0,0.0388123372082451,0.0298177602907094,0.0343255209604827,0.274824811474038,0,0,0,1,0.0207390141551768,0,0.00232585631351812,0.0184560840412488,0.0138742449680915,0,0,0.0046463030194451,0,0.00696135269975092,0.0046463030194451,0.00927101790714169,0,0,0,0.0207390141551768,0,0,0.0455035035395877,0.0046463030194451,0,0.00232585631351812,0,0,0.351512888186967,0.0207390141551768,0,0,0,0,0.0455035035395877,0.0184560840412488,0,0,0.0046463030194451,0.722806508274827,0,0.00927101790714169,0.552176024195879,0.12633370390237,0,0.00232585631351812,0,0.0046463030194451,0,0,0,0.00232585631351812,0,0.0365715410443601,0,0.0046463030194451,0,0,0,0,0,0,0.00232585631351812,0,0,0,0,0.0046463030194451,0,0.00232585631351812,0.00232585631351812,0,0,0.00232585631351812,0,0,0,0,0.0046463030194451,0,0,0,0,0.0115753111651277,0.00927101790714169,0,0,0,0,0,0,0,0,0,0,0,0,0,0.0046463030194451,0,0,0,0.0046463030194451,0,0
0.0627379414556359,0.999803990207593,0.133180331088577,0,0.907464813475296,0.999999999999999,0.00570066193582819,0.00380406130811114,0.0373959853711284,0.0609501379838651,0.278099127649647,0,0.131526894678395,0.0465243954130847,0.426760693783438,0.196799270011509,0,0.00190384296306959,0.0151296399209188,0.999997552291709,0.00570066193582819,0.0281801815149065,0.0132510248282219,0.00190384296306959,0.0591589243225698,0.0170046784254912,0.0170046784254912,0,0.0428834654365986,0.0263264599974456,0.0113688263251498,0,0,0,0,0,0.00190384296306959,0.00190384296306959,0.133180331088577,0.00759365173378641,0,0.00190384296306959,0,0.0501514750687216,0.182904829392303,0.0281801815149065,0,0.0645223412303477,0,0.00380406130811114,0.104638865076906,0.109743016217582,0,0.0555662403995999,0.0591589243225698,0,0,0.861664386369661,0.9999572425172,0.179784680029282,0.0300303738377009,0.0300303738377009,0,0,0,0.0151296399209188,0.0874127335470276,0.020744052894347,0,0.870343277998831,0.0519598374988941,0.368251227493855,0.00190384296306959,0.00380406130811114,0,0.00190384296306959,0.0519598374988941,0,0,0.0300303738377009,0,0.00190384296306959,0.0355598427644738,0,0.00380406130811114,0.00570066193582819,0,0.0355598427644738,0,0.0113688263251498,0,0,0.00190384296306959,0,0.0263264599974456,0,0.0716260327757824,0,0,0,0,0.0113688263251498,0.00570066193582819,0,0.00948303757643863,0,0.00190384296306959,0.00190384296306959,0.00759365173378641,0,0,0.0733935110203792,0,0.00190384296306959,0,0.0113688263251498,0,0,0.0151296399209188,0,0.0318770436848612
0,0.999999999965194,0.1205277135211,0.0564451158110613,0.00305326323073819,0.999999999963337,0.0477493044331174,0,0,0.0360300985136141,0.15738430363632,0,0.00913185090693713,0.00609720404512021,0.0360300985136141,0,0.00305326323073819,0,0.00913185090693713,0.80936605347959,0,0,0.00913185090693713,0.00913185090693713,0,0,0.00305326323073819,0,0.00609720404512021,0.00913185090693713,0.0330778306068203,0.00913185090693713,0.00609720404512021,0,0,0.0121572321930726,0.00305326323073819,0,0.062198162467731,0,0,0.0121572321930726,0,0,0.095987255060267,0.00305326323073819,0,0,0,0.00609720404512021,0.0330778306068203,0,0.0848617063354144,0.0241666660915489,0.0121572321930726,0,0,0,0.979673053320601,0,0,0,0,0,0,0,0.0151733761937681,0.0211780650681816,0,0.00913185090693713,0,0.00609720404512021,0.00305326323073819,0,0,0.00305326323073819,0.0121572321930726,0,0.0211780650681816,0,0,0,0.00305326323073819,0,0,0,0,0,0,0.00305326323073819,0,0.00913185090693713,0.00305326323073819,0,0.00609720404512021,0.106977547905996,0,0,0,0,0.00305326323073819,0,0,0.062198162467731,0,0.00305326323073819,0,0,0.00305326323073819,0,0.067916131625054,0,0,0,0,0,0.00305326323073819,0,0,0,0.00305326323073819
0.0019440118288524,0.866807044878565,0,0,0.675891953552148,0.999999999999833,0.00582070528735954,0,0,0.0019440118288524,0.0268749200276185,0,0.0585396261082233,0,0.104986539113627,0,0,0,0,0.999999825169231,0.0019440118288524,0,0,0,0,0,0,0,0.0019440118288524,0,0,0,0,0,0,0,0,0,0,0.00388424447571408,0,0.0511830673883336,0,0.0116075299646768,0.0019440118288524,0,0,0,0.00388424447571408,0.0019440118288524,0,0.00388424447571408,0.338027735823991,0,0,0,0,0.0135289766179741,0.0211774826253493,0,0,0.0019440118288524,0,0,0,0.00775340159628105,0.0135289766179741,0,0,0.318420965274827,0.0116075299646768,0.0381704985527764,0,0.0173606712409977,0,0,0.00388424447571408,0,0,0.00582070528735954,0,0,0.0116075299646768,0,0,0.00388424447571408,0.00968234072071643,0.00775340159628105,0,0.0019440118288524,0,0,0,0,0,0.404057104868385,0.00388424447571408,0,0.00582070528735954,0,0.0173606712409977,0.00968234072071643,0.00968234072071643,0,0,0.00775340159628105,0.0019440118288524,0,0,0,0,0,0.00968234072071643,0.00775340159628105,0,0,0.0135289766179741,0.0019440118288524,0.00775340159628105,0,0.00582070528735954
0.00812233231244562,0.673727301231177,0.0477550615444441,0,0,0.999999985004197,0,0,0,0.119943765976281,0.0682409093125615,0,0.00812233231244562,0,0.223392685504737,0,0,0,0.00542224504960229,0.999999704116966,0,0,0,0.0108150893578266,0.0241696159395549,0,0,0,0.0135005360858755,0.0108150893578266,0.0161786923426974,0.00812233231244562,0,0,0,0.0373438492532567,0,0,0.0294608074087781,0,0,0.0108150893578266,0,0,0.0241696159395549,0,0,0,0.00271480761499436,0,0,0,0.150502230299949,0,0.00542224504960229,0,0,0.0347233087412509,0.990267874492073,0.0241696159395549,0,0,0,0.0161786923426974,0,0,0.00542224504960229,0,0,0,0.00271480761499436,0.0294608074087781,0,0,0,0,0,0,0,0,0.00812233231244562,0.0135005360858755,0.0161786923426974,0,0.0108150893578266,0,0,0.00271480761499436,0.0241696159395549,0,0,0,0,0,0.00812233231244562,0,0,0,0,0,0.00271480761499436,0.00271480761499436,0,0.107899936881944,0,0,0,0,0,0,0,0,0,0,0,0,0,0,0,0,0
0.0512089025699146,0.999999930293046,0.209055958980007,0.017369590030645,0.529896758819155,0.997084144651752,0.0524868809565256,0.0107249721692979,0,0.0851168425830646,0.157328878093279,0,0.133136205955538,0.00537694183640499,0.562897481869924,0.467116121606339,0,0,0,1,0.00403542292166824,0.0133881941344667,0.00537694183640499,0.0396292509268714,0,0.025284246809814,0,0,0.0473646159049452,0,0.0575816038868531,0.025284246809814,0.0409228265767413,0.00537694183640499,0.00805456120517975,0.00134695444558089,0,0.017369590030645,0.00537694183640499,0.0200149240559178,0,0.297521125338271,0.00269209460488332,0,0.809455736501194,0,0,0.017369590030645,0,0.00134695444558089,0,0.0318310750640215,0.851907918539073,0.337078059983747,0,0,0.0701988843299086,0.0383339305394472,0.79396201575295,0.86285947976707,0.00269209460488332,0,0,0.00939066652373812,0,0.00134695444558089,0,0.017369590030645,0,0,0.0305252367217453,0.0460797287548618,0.00537694183640499,0.00403542292166824,0,0.00671665378627571,0.00269209460488332,0,0.037036863061217,0.0200149240559178,0,0,0,0,0,0,0.00134695444558089,0,0.00269209460488332,0.00671665378627571,0,0,0,0,0.00939066652373812,0,0,0,0.00537694183640499,0,0.0147171152924399,0.00403542292166824,0.0107249721692979,0.00269209460488332,0,0.00671665378627571,0,0,0,0.421451058986995,0.0973654759049164,0.00269209460488332,0.00671665378627571,0,0.00805456120517975,0,0,0,0.00269209460488332,0.0160442464541515,0
0,0.988468199225042,0.0403456803460246,0.00931591345158506,0.305819690844138,0.999458602530713,0,0,0,0,0.0276881901175756,0,0.00560000795046337,0.00373683178884879,0.0367461627863943,0.393348909857094,0,0,0,0.99999949746574,0.00187016465233782,0,0,0,0,0,0,0,0,0.0222125727511187,0,0,0,0,0.0528383962117077,0,0,0,0,0,0,0.0313215557974173,0,0,0.0581425087232957,0.00373683178884879,0,0,0,0,0.0167061192010023,0,0.0961423899978544,0.00560000795046337,0,0.779643325928029,0,0.00373683178884879,0.22039256461006,0.202682082358681,0,0,0,0,0,0,0,0,0,0,0,0.0130179332389058,0,0,0,0,0,0,0,0,0,0,0,0,0,0,0,0,0,0.00931591345158506,0.00931591345158506,0,0,0,0.00373683178884879,0.958508077496548,0,0,0.00187016465233782,0,0,0.00187016465233782,0,0,0,0,0.00560000795046337,0.00560000795046337,0,0,0,0,0,0,0,0,0,0,0,0,0
0.0534835890892026,0.771906751239958,0.993556905579759,0.197375166125315,0.125727969768875,0.999944003876578,0.525316880794649,0.157185464894283,0,0.0121405833648017,0.31522252576127,0,0.0986183253571313,0.0300756551573838,0.41576665780318,0.0534835890892026,0.0359813582473766,0.0121405833648017,0,0.999999977177931,0,0,0.0121405833648017,0,0,0.0592467652816218,0.0706680583534271,0.0181554900328548,0.104106683876542,0,0.0418511025234962,0,0,0,0,0,0.0418511025234962,0,0.125727969768875,0,0,0.192458182411285,0,0,0.104106683876542,0,0,0.0241337729651657,0,0,0,0,0.917242114116666,0.064974850482018,0.0060888285992564,0.99146691282549,0.0121405833648017,0.0592467652816218,0.486092032257495,0.0060888285992564,0,0,0,0,0,0,0,0,0,0,0,0.0241337729651657,0,0.0241337729651657,0,0.323536123773603,0,0,0,0.0181554900328548,0,0,0,0,0,0,0,0,0.0121405833648017,0.0418511025234962,0,0.339861749381587,0.0060888285992564,0,0.0241337729651657,0,0,0,0,0,0,0,0,0,0,0,0.109561624721638,0.0060888285992564,0,0,0.899992020109254,0,0,0,0.258636791780178,0,0,0,0,0,0
0.259974417190595,0.99997749309834,0.0532688237704786,0.0629361562338839,0.236833625684259,1,0.0435017571026433,0.0102112750758951,0,0,0.228960327493871,0,0.040223727523538,0,0.999937184693225,0,0,0.0269988816915361,0,0.148536826515078,0,0.0435017571026433,0,0.0532688237704786,0.0913498806411735,0.133846166314173,0.124910385544913,0,0.322958816959294,0,0.0135918094883519,0.0135918094883519,0.0269988816915361,0,0.0102112750758951,0.0102112750758951,0,0.00681915518288003,0.0597247305776582,0,0.00341541010453108,0.0467685908664011,0.00681915518288003,0.0467685908664011,0.204849717375716,0.0236642948587823,0,0.0725047729062554,0.00341541010453108,0.127899175456493,0.0236642948587823,0,0.444816184131298,0,0.0135918094883519,0,0,0.221005803470583,0.0269988816915361,0,0.0467685908664011,0,0.00341541010453108,0,0.040223727523538,0.0203182800131147,0,0.0203182800131147,0,0.0169607979894176,0.270032703928647,0.185576970669865,0.0102112750758951,0,0,0,0.0369344637597374,0,0.0169607979894176,0,0,0.0135918094883519,0.00681915518288003,0,0,0,0,0,0.040223727523538,0,0,0.0135918094883519,0,0,0.00341541010453108,0,0,0.0788295067911882,0.0102112750758951,0,0.0135918094883519,0.00341541010453108,0,0,0,0,0.0303220795427268,0,0,0,0,0.0102112750758951,0,0,0,0,0,0,0,0,0
0.0145080725111726,0.954798140339897,0.00324236408267947,0.00485960164418728,0.901128846244451,0.999999999987178,0,0,0,0,0.117532951338799,0,0.0303814220105214,0,0.0779822448295353,0.856827876703853,0,0.00808620912903951,0,0.999956875567364,0.0506351633169938,0.00162249829169301,0,0,0.0129065150180481,0.00162249829169301,0.00324236408267947,0,0.0224769663318275,0.00162249829169301,0,0,0,0,0.0397824438334484,0.00485960164418728,0.00647421524051429,0.00162249829169301,0,0.00324236408267947,0,0.0272273388734723,0,0,0.0288056608543557,0,0.00324236408267947,0.00808620912903951,0,0,0,0.0475469638019863,0.217449022007879,0,0,0,0,0.0192971707023306,0.378598630719511,0.190303729055055,0,0,0,0.00324236408267947,0,0,0,0,0,0.980027450670341,0.00647421524051429,0.0129065150180481,0,0,0,0,0,0.00324236408267947,0,0.00647421524051429,0,0.00969558756023437,0.00485960164418728,0.0129065150180481,0.00485960164418728,0.0192971707023306,0,0,0,0,0,0,0,0,0,0,0.0145080725111726,0,0,0,0,0.00808620912903951,0,0.00324236408267947,0,0,0,0,0,0,0,0,0,0,0,0,0,0,0,0,0.00162249829169301
0.90201240919507,0.999802136401548,0.156839820075275,0.0408019719266883,0.495595629666223,0.999999972551324,0.00198173524431,0.0408019719266883,0,0.0707681062090995,0.0596421135126205,0.00198173524431,0.0312408214001466,0,0.984817226614249,0.762170172445462,0.00198173524431,0,0,0.999993912838996,0.00986948122686218,0.00593343169201281,0,0.00198173524431,0.578903748341719,0.0726095978031618,0.0235233274191209,0.00198173524431,0.423897113226109,0,0,0,0.00790340844561904,0,0.0137899458034857,0.00593343169201281,0,0.283417466542394,0,0.929504674646471,0.00395954321404145,0.213394069063507,0.00593343169201281,0,0.0781122054064251,0,0.00790340844561904,0.0137899458034857,0,0.0388973208740637,0,0.368854428457931,0.520000178762242,0.511353636513274,0.0137899458034857,0,0,0.199224435838243,0.999999987286788,0.251452349660991,0.0118316577723818,0.0944249058793883,0.00395954321404145,0,0,0,0.00986948122686218,0,0,0.0427028484651938,0.20397578294883,0.143352458767096,0.00395954321404145,0.00395954321404145,0,0.0559039243026901,0,0.0596421135126205,0,0.00198173524431,0.00986948122686218,0.00198173524431,0.0118316577723818,0,0.00198173524431,0,0,0,0,0,0.00198173524431,0.122715815659231,0.00198173524431,0,0.00790340844561904,0,0,0.00198173524431,0.00395954321404145,0,0.0137899458034857,0,0.00198173524431,0.356209379057001,0,0.035076665231812,0,0,0,0,0.0215843666749768,0,0.00395954321404145,0,0,0.0312408214001466,0,0,0.00198173524431,0.0293171850547235,0
0.0159443844395248,0.999998510796879,0.315184097701655,0.00534329476029224,0.536853370843961,0.999999999999994,0.101611273740366,0.0177002152081086,0.043664841788975,0.0177002152081086,0.518294505598872,0,0.045371211499501,0.0194529130829422,0.299099171907713,0.945382582575207,0.00356537637501222,0,0.00356537637501222,0.99998641246474,0.00534329476029224,0.00534329476029224,0.0281696043507275,0.068943158707637,0,0.0402429466652639,0.0229489325012233,0,0.0385274103384719,0.101611273740366,0.0264324872944639,0,0.00356537637501222,0,0,0.0281696043507275,0.0124233018112902,0,0.0706044248224699,0.00356537637501222,0,0.0264324872944639,0,0.00178428001509224,0.77610144139091,0.0194529130829422,0.00356537637501222,0.00356537637501222,0,0.00711804084132895,0.178354392451181,0.0141854151772391,0.0159443844395248,0.11908755154699,0.0521662982043559,0,0.00178428001509224,0.0281696043507275,0.999998174542273,0.622840483880922,0.00711804084132895,0.00356537637501222,0.156046605062373,0.00356537637501222,0,0,0.00178428001509224,0.0124233018112902,0.00356537637501222,0.0605921799003907,0.00888962027840139,0.0124233018112902,0.00534329476029224,0.00356537637501222,0.0316345454838942,0.0141854151772391,0.00178428001509224,0.00356537637501222,0,0,0,0,0.0264324872944639,0,0,0,0,0,0,0,0.00711804084132895,0.00178428001509224,0,0.00356537637501222,0.0194529130829422,0,0.00356537637501222,0.00356537637501222,0.00178428001509224,0,0,0.0106580387216891,0,0,0.00178428001509224,0.00356537637501222,0,0,0.00178428001509224,0,0.0805099588504786,0,0,0,0,0,0.00534329476029224,0.00356537637501222,0,0,0.00178428001509224
0.0223540402331182,0.999889544138745,0.0223540402331182,0.0655741817386546,0.106883630919329,0.999841407367221,0.0760773064711758,0,0.0333429676139808,0,0.116922429550305,0,0.0223540402331182,0.0112401910641383,0.536366578888997,0,0,0,0.0333429676139808,0.999992419296117,0,0,0,0.0112401910641383,0.136662781089102,0.0864623740749331,0.0223540402331182,0.0112401910641383,0.106883630919329,0.0112401910641383,0.0223540402331182,0,0,0,0,0,0.0112401910641383,0,0,0,0,0,0,0.0760773064711758,0.0967307115346101,0,0.0967307115346101,0.0112401910641383,0.0112401910641383,0.0333429676139808,0,0,0.0223540402331182,0.0333429676139808,0.0864623740749331,0.999999999970503,0,0.0223540402331182,0.701656811727385,0.0333429676139808,0.0223540402331182,0.0442083773514925,0,0,0,0,0.0223540402331182,0,0,0.0967307115346101,0.0442083773514925,0.0223540402331182,0.0655741817386546,0,0,0,0.0112401910641383,0,0,0,0,0,0.0112401910641383,0,0.0112401910641383,0.0112401910641383,0,0,0,0,0,0,0.0112401910641383,0.0655741817386546,0.0112401910641383,0.0442083773514925,0,0.0112401910641383,0,0.0223540402331182,0,0.0223540402331182,0.0112401910641383,0,0,0.0112401910641383,0,0,0,0,0,0,0,0,0,0,0.0112401910641383,0,0,0.0112401910641383,0
0,0.765621903856195,0,0,0,0.999365259993798,0,0,0,0,0.710425959687997,0,0,0,0.09812440392409,0,0,0,0,0.406258640054462,0,0,0,0.115692847992928,0.445763581142633,0,0,0,0,0,0,0.206377634427532,0,0,0,0,0,0,0.166371327944718,0,0,0,0,0,0,0,0,0,0,0,0,0.975113819335001,0,0,0,0,0,0.0711151439326098,0.0847193964408164,0,0,0,0,0,0,0.710425959687997,0,0,0,0,0,0,0,0,0,0,0,0,0,0.564450811109362,0,0,0,0,0.00490595906473516,0,0,0,0,0,0,0,0,0,0,0,0,0,0.120031222681327,0,0,0,0,0,0.033840388872732,0,0,0,0,0,0,0,0.09812440392409,0,0,0,0,0,0,0,0
0,0.808310503495377,0,0.0451992469408143,0.374455914896186,0.99693645332418,0,0,0,0,0.0260838377353479,0,0.00658573206894802,0,0.0514873088796919,0.722478717564886,0,0.00658573206894802,0,0.999250108782386,0.00658573206894802,0,0,0,0.00658573206894802,0,0,0,0,0,0,0,0.00658573206894802,0,0,0,0,0,0.0196273662416868,0,0,0.00658573206894802,0,0,0.0196273662416868,0,0.00658573206894802,0,0,0.00658573206894802,0,0,0,0,0,0.999993165482184,0,0,0.964449263723378,0.519743056458187,0,0,0,0,0,0,0,0,0,0.818180079810903,0,0.032497788637641,0,0,0,0,0,0,0,0,0,0,0,0,0.00658573206894802,0.0131280922710121,0,0.0131280922710121,0,0,0.00658573206894802,0,0.00658573206894802,0.00658573206894802,0,0,0.0131280922710121,0,0,0.00658573206894802,0,0,0,0,0,0,0,0,0.0131280922710121,0.0883555219576118,0.394784714357416,0.0131280922710121,0,0,0,0,0,0,0,0,0
0.00142701541728492,0.999999999982256,0,0.0253770710467464,0,0.395085510046825,0.00142701541728492,0.026767872992402,0,0.00142701541728492,0.0295435256284484,0,0.00285199446156868,0,0.0405672001594645,0,0.00285199446156868,0.00285199446156868,0,0.9824009403676,0,0.00711474239504146,0.00285199446156868,0,0.0197939595203256,0.00142701541728492,0.0127700729043646,0,0.00711474239504146,0.00285199446156868,0,0,0,0,0,0,0,0,0.00427494003878694,0.00285199446156868,0,0,0,0,0.0225895017189698,0,0,0.0183931914708426,0,0,0,0.00853160496523865,0,0,0,0.999652292453884,0,0.149021067429828,0.0912436989673659,0,0,0,0,0,0,0,0.00427494003878694,0,0,0.162284124837914,0,0.00569585505072854,0.00427494003878694,0,0,0,0,0,0,0,0,0,0,0,0,0,0,0,0,0,0,0,0.00142701541728492,0,0,0,0.00994644565070399,0,0,0,0.0225895017189698,0,0.00427494003878694,0,0.00142701541728492,0,0,0,0,0,0,0,0,0,0,0,0,0,0,0.00142701541728492,0
0.0130644654855673,0.999995726881635,0.06055419076168,0.249989759179178,0.288422286930205,0.999960753730079,0.0259582507127111,0,0,0,0.06055419076168,0,0.0339311849297207,0.0195325530787758,0.532842324484198,0.159908840990388,0,0,0,0.999804118103596,0.006553708288952,0.0163038254617438,0.009814438137364,0.0323418361988005,0.0307498727168925,0.00491931891799045,0.00164246920077314,0,0.0512426706453582,0,0,0.0211429406627046,0,0,0,0,0.006553708288952,0,0,0.00328224069647079,0,0.00818541322570969,0,0,0.0418388573855426,0,0.006553708288952,0.0481183660080467,0,0.0114407874257736,0,0.0481183660080467,0,0.009814438137364,0,0.126103386603636,0,0.0574605494189537,0.99999103160737,0.141763191064516,0,0,0.009814438137364,0,0,0,0.009814438137364,0,0,0.999958086449017,0.006553708288952,0.0195325530787758,0,0,0,0.0146854767041559,0,0,0,0.0130644654855673,0.0275580842861826,0.00164246920077314,0.006553708288952,0,0,0.0371020553101356,0,0,0.00164246920077314,0,0,0.0243557851388892,0,0,0.009814438137364,0,0.29192276463573,0.0211429406627046,0.00164246920077314,0,0,0,0,0,0.00328224069647079,0,0,0,0,0.0590086414370467,0.128971725632633,0.00328224069647079,0,0,0,0,0,0,0,0,0
0.189763137283082,0.999999999999998,0.113296781988775,0.0816470651045488,0.816115901554391,0.999999027308737,0.0344635658923755,0,0,0.0149182220190728,0.113296781988775,0,0.0488676527838969,0.113296781988775,0.939838673620407,0.806668231835638,0.00499767582811784,0.0583507988580751,0.00499767582811784,0.999999825562576,0.00997037489255274,0.181603416535154,0.0149182220190728,0.024739856645365,0.0998684192203244,0.173361520998903,0.122137545490779,0.00997037489255274,0.38798603956592,0.00499767582811784,0,0,0,0,0.0296138906899352,0.00997037489255274,0.00499767582811784,0.217686788789758,0.0392890039902822,0.555876840153001,0,0.0536211039249198,0,0,0.822453203297731,0.00499767582811784,0.0198413414096074,0.126524817460092,0.00499767582811784,0.0296138906899352,0.00499767582811784,0.0770343821460161,0.780870502352964,0.602228635343201,0.0677393944107328,0,0,0.233208932302627,0.481251958435977,0.657739822656552,0.426577715928229,0.0149182220190728,0.0149182220190728,0.0149182220190728,0,0.00499767582811784,0,0.00499767582811784,0.0149182220190728,0,0.135233692489356,0.20185043068913,0.00499767582811784,0,0,0.277951803660005,0,0.00997037489255274,0,0.024739856645365,0.0296138906899352,0.00499767582811784,0,0,0,0,0.00499767582811784,0,0,0,0,0,0.0296138906899352,0,0.00499767582811784,0,0,0.0198413414096074,0.00499767582811784,0.024739856645365,0,0,0.0198413414096074,0,0.00499767582811784,0,0,0.00499767582811784,0.00499767582811784,0.0677393944107328,0.248423095666648,0.00997037489255274,0.0536211039249198,0.00997037489255274,0.0677393944107328,0.00997037489255274,0.0149182220190728,0,0,0,0
0.0825089151126796,0.999999953631466,0.143586833822567,0.0745740622948627,0,0.999999999976479,0.0503553808753644,0.00857427104052609,0.0170750239571758,0.0825089151126796,0.933058077075639,0,0.0503553808753644,0.121174237859946,0.687302063620849,0,0,0,0.00857427104052609,0.975346437887359,0,0.0170750239571758,0,0.0745740622948627,0.0981750973676258,0.0981750973676258,0,0.00857427104052609,0.0584978912319162,0.0665705854977206,0.0170750239571758,0.0338584914712134,0,0,0,0.042142450628842,0,0,0.150929952432048,0,0,0,0,0.253815368335803,0.0338584914712134,0.00857427104052609,0,0.0170750239571758,0,0.143586833822567,0.143586833822567,0.0584978912319162,0.00857427104052609,0,0.00857427104052609,0,0.0170750239571758,0.0584978912319162,0.947851291527638,0,0,0,0.0665705854977206,0,0.0665705854977206,0.0170750239571758,0,0,0,0.042142450628842,0.0665705854977206,0.227665279798954,0.0665705854977206,0,0.0170750239571758,0,0.00857427104052609,0,0,0,0,0,0.0503553808753644,0,0.0170750239571758,0,0,0,0,0,0.0503553808753644,0,0,0.042142450628842,0.00857427104052609,0,0,0,0,0,0.0584978912319162,0,0,0,0,0,0,0,0,0,0,0,0,0,0,0,0,0.0665705854977206,0.00857427104052609,0,0
0.00710088498196601,0.879974293144067,0.00355676778953735,0,0.0520434602271077,0.135917849578541,0,0,0,0,0,0,0.00355676778953735,0,0.0884791505014853,0.0315592481165867,0,0,0,0.999999054148197,0,0,0,0,0.0141513473964049,0,0,0,0.00355676778953735,0,0,0,0,0,0.00710088498196601,0,0,0,0,0.0106323965725223,0,0,0,0,0,0,0.00355676778953735,0,0,0,0,0,0.00355676778953735,0,0.00710088498196601,0.999919271670316,0,0.0520434602271077,0.0418560942476028,0.0687822702745044,0,0,0,0,0,0,0,0,0,0,0.00355676778953735,0.0106323965725223,0,0,0.00355676778953735,0,0,0,0,0,0,0,0.00355676778953735,0,0,0,0,0,0,0,0,0,0,0,0.00355676778953735,0,0,0.00355676778953735,0,0,0,0,0,0,0,0,0,0,0,0,0,0,0,0,0,0,0,0,0,0,0
0.0449793863061878,0.997863500327736,0.0623994702944205,0,0.429631545348838,0.999265488615242,0,0,0.0361483468350548,0,0.0182405319198876,0,0,0.00916223927420268,0.60165908671297,0,0,0,0,0.999999909532706,0,0.104572166720934,0,0,0.198208995389157,0.268714990439239,0.0272356470761516,0,0.275415198674473,0,0,0,0,0,0,0,0,0,0,0.0537295136806464,0,0,0,0,0.144847961143306,0,0,0.357131184925136,0,0,0.00916223927420268,0.0623994702944205,0,0,0.559214931837191,0,0,0.646582497380282,0.996184581033642,0.0361483468350548,0.0449793863061878,0,0.0449793863061878,0,0,0.0182405319198876,0,0,0,0.413662257527428,0.144847961143306,0.175760293640602,0.0361483468350548,0,0,0,0,0.0272356470761516,0,0,0.0709899906912022,0,0.00916223927420268,0,0,0,0,0,0,0,0,0,0,0,0,0,0.0623994702944205,0,0.0449793863061878,0,0.136940402604067,0,0,0,0,0,0.0182405319198876,0,0,0,0,0.00916223927420268,0,0.00916223927420268,0,0.120905246695817,0,0,0,0,0.00916223927420268
0.0161921022627082,0.999567546368507,0,0,0.00812909220136322,0.997264258082145,0.00812909220136322,0,0,0,0,0,0,0,0.136638373763423,0.136638373763423,0,0,0,0.9999997386528,0,0,0,0,0.00812909220136322,0.0241895673718439,0.00812909220136322,0,0,0,0,0,0,0,0,0,0,0,0,0,0,0,0,0,0.0241895673718439,0,0,0.00812909220136322,0.00812909220136322,0,0,0.00812909220136322,0.00812909220136322,0.0321220203497303,0,0.771764829339868,0,0,0.980439343951516,0.0555345699462047,0.00812909220136322,0,0,0,0,0.00812909220136322,0,0,0,0.00812909220136322,0.0161921022627082,0,0,0,0,0,0,0,0,0.0241895673718439,0,0.0399899896859765,0,0,0,0,0,0,0,0.0161921022627082,0,0,0,0,0,0,0,0,0.0241895673718439,0,0.0632122165081122,0,0,0,0,0.00812909220136322,0,0.00812909220136322,0,0,0,0.00812909220136322,0,0.00812909220136322,0,0.0161921022627082,0,0.00812909220136322,0,0,0
0.0719191125865472,0.999942330424513,0.138665866417858,0,0.541381053584665,0.999999915567901,0.0485399611867959,0,0.0164490755966739,0.02457186896563,0.264230566625322,0,0.0164490755966739,0.0164490755966739,0.988924967246334,0.381828930587008,0,0,0.0164490755966739,0.999999997406739,0,0.0641905992924486,0.00825864036870675,0.0326275791053626,0.145779315264405,0.166769113997458,0.258103510326301,0,0.545168622529384,0,0.00825864036870675,0,0,0,0.0164490755966739,0.00825864036870675,0,0.0326275791053626,0.05639772747255,0.27030702176985,0.0871851852634393,0.0326275791053626,0,0,0.180474991830798,0,0.02457186896563,0.145779315264405,0.00825864036870675,0.138665866417858,0,0.200612252945588,0.0326275791053626,0,0.0164490755966739,0,0.00825864036870675,0.27030702176985,0.996781078309702,0.449589598609843,0.0326275791053626,0.0164490755966739,0.02457186896563,0,0,0.00825864036870675,0,0,0,0.00825864036870675,0.517984016451821,0.673571976250049,0.145779315264405,0,0,0,0.00825864036870675,0.00825864036870675,0,0,0.0164490755966739,0,0.207214108863661,0,0,0,0.00825864036870675,0.0164490755966739,0,0,0,0,0,0,0.00825864036870675,0,0,0.131493180941484,0.0485399611867959,0,0.344881750064873,0.0164490755966739,0,0,0.00825864036870675,0,0.00825864036870675,0,0,0,0,0,0,0,0,0.109614751281032,0,0.0164490755966739,0,0,0
0.0287719642409391,0.80118904656438,0.00968413447349417,0,0.691949333864296,0.999999999997292,0.0192744864864876,0,0,0.00968413447349417,0.436815788769377,0,0.00968413447349417,0.0287719642409391,0.575293568235867,0.774377851909009,0,0,0.00968413447349417,0.945506173853957,0.00968413447349417,0.0287719642409391,0.00968413447349417,0.00968413447349417,0.728555697394484,0,0,0.00968413447349417,0.0192744864864876,0,0,0,0,0,0,0,0,0.322437328296857,0.0287719642409391,0.725901288614415,0,0,0,0,0.0927282925574212,0,0.00968413447349417,0.00968413447349417,0,0.0192744864864876,0.0287719642409391,0,0,0,0,0.184829466219704,0,0.0192744864864876,0.982203810019389,0.676589982202917,0,0.0474918858914751,0,0,0,0.00968413447349417,0,0,0,0.00968413447349417,0.0192744864864876,0,0.0192744864864876,0,0,0,0,0,0.00968413447349417,0,0,0,0,0,0,0,0,0,0,0,0,0,0.00968413447349417,0,0.0474918858914751,0,0,0,0,0,0.0474918858914751,0.00968413447349417,0,0,0,0,0,0,0.00968413447349417,0.0658509906651296,0.810630953678919,0,0,0,0,0,0,0,0,0,0
0.369195628400582,0.011744830634761,0.0233517202228827,0,0,0.181959867507856,0,0,0,0,0,0,0,0,0.999973185888982,0,0.011744830634761,0,0,0.219719076512621,0,0.0348222888585956,0,0,0.322857416675505,0.733719962402651,0,0,0.730555380986894,0,0,0,0,0,0.0793730944660188,0,0,0,0,0.0901857015493195,0,0,0,0,0.322857416675505,0,0.281652387962617,0.0233517202228827,0,0.99385418011873,0,0,0,0,0,0,0,0.439487061894517,0,0,0,0,0.0233517202228827,0,0.0233517202228827,0,0,0,0,0.011744830634761,0.989417178511274,0.879338712131022,0.0901857015493195,0,0,0,0,0,0,0,0.011744830634761,0,0,0.011744830634761,0,0.011744830634761,0,0,0,0,0,0,0,0,0.011744830634761,0,0,0,0,0,0,0,0,0,0,0,0,0,0,0,0,0,0,0,0,0,0,0,0,0,0
0,0.549517843194344,0,0,0.0390874186749418,0.953815715427803,0,0,0,0,0,0,0.0049715806434813,0,0,0.0627373634106853,0,0,0,0.993387992234234,0,0,0,0,0,0,0,0,0,0,0,0,0,0.0049715806434813,0,0,0,0,0,0.0049715806434813,0,0,0,0,0.0049715806434813,0,0,0,0,0.0049715806434813,0,0,0,0,0,0.99269494221333,0,0.0049715806434813,0.0438646730643352,0.00991844467286797,0,0,0,0,0,0,0,0,0,0,0,0,0,0,0,0,0,0,0,0,0,0,0,0,0,0,0,0,0,0,0,0,0,0,0,0,0,0,0,0,0,0,0,0,0,0,0,0,0,0,0,0,0,0,0,0,0,0,0,0,0
0.09474236257392,0.952305936602479,0.906951764648426,0,0,0.997692700087192,0.180508609881752,0,0.289129664533158,0.041761096145352,0.999752505134017,0,0.465087946154512,0.762160181685448,0.299166277035433,0,0,0,0.318816388959467,0.999999964820329,0,0.0141187668151664,0.247525143253866,0.501798096249702,0,0,0,0.0280381940539518,0,0.299166277035433,0,0.365564919720572,0,0,0.0141187668151664,0.0280381940539518,0,0.0141187668151664,0.356479199599001,0,0.0141187668151664,0.0141187668151664,0.0141187668151664,0.0280381940539518,0,0.132546913806785,0.0141187668151664,0,0.0141187668151664,0,0.0686283844816747,0,0.625115593844844,0,0,0,0,0.0280381940539518,0.89574153079644,0,0.0141187668151664,0,0.867232080445595,0,0,0,0,0.0141187668151664,0,0.09474236257392,0,0.0141187668151664,0,0,0,0,0,0,0,0,0,0.0141187668151664,0,0,0,0,0.0141187668151664,0,0,0,0,0.0141187668151664,0,0,0,0,0.0817782031394427,0,0,0.214731468614768,0.0280381940539518,0,0,0,0,0,0,0,0,0,0.0141187668151664,0,0,0.0141187668151664,0,0.0141187668151664,0,0.041761096145352,0,0,0
0,0.895787118481155,0.0293159058904322,0,0,0.650522194212462,0.0196406945176792,0.0388956321542216,0.0388956321542216,0.0670712773528718,0.999999448681413,0,0.00986904629623825,0.340688296474176,0,0,0,0,0,0.673962117053111,0,0,0,0.950469896574378,0,0.00986904629623825,0,0,0,0.0293159058904322,0,0.0388956321542216,0.0196406945176792,0,0,0,0,0,0,0,0,0,0,0,0,0,0,0,0,0,0,0,0,0,0,0,0,0,0.0577723894426877,0,0,0,0,0,0,0,0,0.0293159058904322,0.00986904629623825,0,0,0,0,0,0,0.0293159058904322,0,0,0.0483808156560084,0,0,0,0,0,0,0,0,0,0,0,0,0,0,0,0,0.211823819805744,0,0,0,0,0,0,0,0,0,0.00986904629623825,0,0,0,0,0,0,0,0,0,0,0,0,0,0,0
0,0.617511275893636,0,0,0.00919835797104165,0.997037678946472,0,0,0,0,0.00460980413259125,0,0.00460980413259125,0,0,0,0,0,0,0.979373695882313,0.00919835797104165,0,0,0,0,0,0,0,0,0,0,0,0,0,0,0,0,0,0.00460980413259125,0,0,0,0,0,0,0,0,0,0,0,0,0,0.00460980413259125,0,0,0.00460980413259125,0,0,0.955379904830702,0.0273420228161651,0,0,0,0,0,0,0,0,0,0.137443638442719,0,0,0,0,0,0,0,0,0,0,0,0,0,0,0,0,0,0,0,0,0,0,0,0,0.00919835797104165,0,0,0,0,0,0,0,0,0,0,0,0,0,0,0,0,0,0,0,0,0,0,0,0,0,0
0,0.615487766603217,0,0,0.00309837087146828,0.952070014307238,0,0,0,0,0,0,0,0,0.0123360029575997,0,0,0,0,0.998652864805388,0,0,0,0,0,0,0,0,0,0,0,0,0,0,0,0,0,0,0,0,0,0,0.00618714184087941,0,0,0,0,0,0,0.0184468201984309,0,0,0,0,0,0.202706327368981,0,0,0.673801195737927,0,0,0,0,0,0,0,0,0,0,0,0.00309837087146828,0,0.00309837087146828,0,0,0,0,0,0,0,0,0.00309837087146828,0,0,0,0,0,0,0,0,0,0,0,0,0,0,0,0,0,0,0,0,0,0,0,0,0,0,0,0,0,0,0,0,0,0,0,0,0,0,0
0.0874245070085625,0.871691529696496,0.030034545109722,0.030034545109722,0.0201246223719017,0.999998988412076,0.0591670163194961,0,0.010113452143076,0,0.284978765390572,0,0.0874245070085625,0,0.82055292333578,0.0398442443181917,0,0,0.010113452143076,0.999999999999782,0.0201246223719017,0.010113452143076,0.0201246223719017,0.0781009248310957,0.0874245070085625,0.0398442443181917,0,0,0.0781009248310957,0.030034545109722,0,0.010113452143076,0,0,0.0201246223719017,0,0.010113452143076,0.0201246223719017,0.0201246223719017,0.0201246223719017,0,0.0201246223719017,0.010113452143076,0,0.208474855914649,0,0.0201246223719017,0.0591670163194961,0,0.150102095202719,0,0,0.010113452143076,0,0.0966537955838754,0,0,0.0591670163194961,0.983027165072093,0,0.0201246223719017,0.030034545109722,0.010113452143076,0,0.010113452143076,0,0.010113452143076,0,0,0.010113452143076,0.0398442443181917,0.010113452143076,0,0,0,0,0,0,0,0,0.010113452143076,0,0.030034545109722,0,0,0,0,0,0,0,0,0,0.0201246223719017,0,0.030034545109722,0,0,0,0,0,0.010113452143076,0.0201246223719017,0,0,0,0,0,0,0,0,0.0495547336031787,0,0,0,0,0,0,0,0,0,0
0,0.911589047218287,0.163775228981999,0,0,0.999991646509694,0.415251542583251,0.0329797517195081,0.135256192923638,0.0329797517195081,0.999680451876162,0,0.621878418035998,0.367656935020478,0.0752670665634878,0,0,0,0.0111163662758855,0.995912731961325,0.0111163662758855,0,0.46527486482313,0.795535989136006,0.0111163662758855,0,0.0111163662758855,0.0648718394155358,0.0329797517195081,0.381637508356679,0.0957121339775317,0.0111163662758855,0,0,0.0111163662758855,0.0111163662758855,0,0,0.154374951207559,0.0111163662758855,0,0.0957121339775317,0,0,0.0111163662758855,0.0329797517195081,0,0.0221091589525914,0.0111163662758855,0.0855467365589421,0.191353714311875,0.0111163662758855,0,0.0329797517195081,0.999957276154092,0,0,0.0221091589525914,0.832802306253769,0,0,0,0.0957121339775317,0,0,0,0,0,0.0329797517195081,0,0.0648718394155358,0.0111163662758855,0,0,0,0,0,0,0,0,0,0,0,0,0,0,0,0.0221091589525914,0,0,0.0221091589525914,0,0,0,0,0,0,0,0,0.0855467365589421,0,0,0,0,0,0,0,0,0,0,0,0,0,0,0,0,0,0,0,0,0
0,0.805385058010041,0,0,0.141085372106594,0.98533351081404,0,0,0,0,0.0214922142361396,0,0,0,0.0214922142361396,0,0,0,0,0.999997515805245,0,0.0143799632300459,0,0,0,0,0,0,0,0,0,0,0,0,0,0,0,0,0,0.00721601706617261,0.00721601706617261,0,0,0,0,0,0.00721601706617261,0,0,0.0214922142361396,0,0,0,0,0,0.631907357187945,0,0,0.975295087946533,0.0631008244721038,0,0,0,0,0,0,0,0,0,0.293635980116461,0,0,0,0.00721601706617261,0,0,0,0,0,0.00721601706617261,0,0,0,0,0,0,0.00721601706617261,0,0,0,0,0,0,0,0.0143799632300459,0,0.206855385617098,0.0355631202157376,0.00721601706617261,0,0.414869982962614,0,0,0,0,0,0,0,0,0,0,0,0.00721601706617261,0,0,0.0143799632300459,0,0,0,0,0
0.365834643926211,0.913321079344902,0.419899813750411,0.346715507277748,0.577424072644608,0.999999999997904,0.0292661724890976,0,0,0,0,0,0.0482995532635499,0,0.987427427504798,0.707041047101998,0,0,0,0.975833122392167,0.0196072087270889,0.146505210462062,0.0292661724890976,0,0.195731236077876,0.747473130928156,0,0,0.57321937156863,0.0196072087270889,0,0,0,0.211500701604775,0.0196072087270889,0,0,0.179646391648916,0,0.4899606129483,0,0.0196072087270889,0,0,0.211500701604775,0,0.0482995532635499,0,0,0.0852540576466139,0,0.146505210462062,0.551559915838144,0,0.234577058079142,0,0,0.249584865465887,0.00985213666194731,0.577424072644608,0,0.0942662596816412,0,0,0,0,0.179646391648916,0,0,0.913321079344902,0.187728627509512,0.340215217432419,0.0482995532635499,0,0,0,0,0,0,0.0196072087270889,0.00985213666194731,0,0,0,0,0,0.00985213666194731,0,0.195731236077876,0,0,0,0.0292661724890976,0.0482995532635499,0.00985213666194731,0,0.0388299748201103,0,0,0,0.0292661724890976,0,0.0388299748201103,0,0.0292661724890976,0,0,0,0,0,0.0196072087270889,0,0,0,0.346715507277748,0,0.0388299748201103,0,0,0,0
0.0230099887744087,0.546826820183195,0.00772958886339294,0.0746619693827683,0,0.999840758450225,0.00772958886339294,0,0.0153994311827888,0,0.137079508472116,0,0,0,0.109875781441843,0,0,0.0153994311827888,0,0.993137435656491,0,0.0153994311827888,0.00772958886339294,0,0.0305617198848241,0.0230099887744087,0.00772958886339294,0,0.0230099887744087,0.0305617198848241,0.00772958886339294,0,0,0,0,0,0,0,0.00772958886339294,0,0,0.0230099887744087,0,0.0674537704321012,0.0889116487060757,0,0,0.0153994311827888,0,0.0528684838277564,0.0153994311827888,0.00772958886339294,0.0674537704321012,0.0153994311827888,0.0230099887744087,0,0,0.00772958886339294,0.0746619693827683,0.0230099887744087,0,0,0,0,0.0153994311827888,0.00772958886339294,0.0230099887744087,0,0,0,0.00772958886339294,0,0.00772958886339294,0,0,0,0.201506851790334,0,0,0,0,0,0,0,0,0,0.00772958886339294,0,0,0,0,0,0.00772958886339294,0,0.00772958886339294,0.999999999999968,0,0,0,0,0.0230099887744087,0,0.00772958886339294,0,0,0,0,0,0,0,0,0.00772958886339294,0,0,0,0,0,0.00772958886339294,0,0,0
0.0587484980171874,0.995594155881938,0.023927059902383,0,0.473643207709386,0.998367691222679,0.0812698790883381,0,0,0,0,0,0.0472816156091937,0,0.629512816708837,0.651278382261812,0.0472816156091937,0.012035962143552,0.0356750368587434,0.999999919500522,0.012035962143552,0.0812698790883381,0,0,0.0812698790883381,0.145652065532976,0.0356750368587434,0.023927059902383,0.37640256328502,0,0,0,0,0.0356750368587434,0.023927059902383,0,0,0.186047016166955,0.012035962143552,0.870803110091441,0,0,0,0,0.90569784729592,0,0,0.145652065532976,0,0.0356750368587434,0,0.0356750368587434,0,0.0923276800437718,0.287554216571677,0,0.070077365462614,0.176130959585279,0.999775948068124,0.427082251566644,0.243086696884408,0.023927059902383,0,0,0,0,0,0,0,0.205522517968851,0.205522517968851,0.195843723467,0,0,0.124708923513871,0.103252389725515,0,0,0,0,0,0,0.023927059902383,0,0,0,0,0.023927059902383,0,0,0,0,0,0,0.012035962143552,0,0,0.023927059902383,0,0,0,0,0,0,0,0,0,0,0.012035962143552,0,0,0,0,0,0,0,0,0.0472816156091937,0,0,0
0,0.769383415464016,0.00296522810771449,0.0059216636376982,0.0321381938829258,0.976145882812203,0,0,0,0,0.0464030010077192,0,0,0,0.117260015893364,0,0,0.0059216636376982,0,0.999999924438128,0,0,0,0,0,0.00296522810771449,0,0,0.0176600002620312,0,0,0,0,0,0,0,0,0,0,0,0,0.00296522810771449,0,0,0.00296522810771449,0,0,0,0,0.00296522810771449,0,0.0118082611751584,0,0,0,0.548807712645683,0,0,0.532439288865013,0.00886933266194976,0,0,0,0,0,0,0.0059216636376982,0,0,0.387367150287429,0,0.0059216636376982,0,0,0,0,0,0.00296522810771449,0,0.0548607700172187,0,0,0,0,0,0,0,0,0.0852358378367645,0,0,0,0,0,0.00296522810771449,0.998978598090491,0.0118082611751584,0,0.0118082611751584,0,0,0,0,0,0,0,0.00296522810771449,0,0,0,0,0.00296522810771449,0,0.00296522810771449,0,0,0,0,0,0,0
0,0.010059356902018,0.140714811713875,0,0.157915572856618,0.950350023059948,0.0683257651529736,0,0,0.131983120122208,0.998785272241188,0,0.0396343450527369,0.140714811713875,0.0961600142547186,0.010059356902018,0,0,0,0.999999999747877,0,0,0,0.371911079517165,0,0,0,0,0.0776978087977143,0.0492950059322916,0.0492950059322916,0,0,0,0,0.0683257651529736,0,0,0.0200175231427538,0,0,0,0,0.0298755166351844,0,0.312078731112122,0,0,0,0,0.0961600142547186,0.114252652086721,0,0,0.0200175231427538,0.99949082591607,0,0.010059356902018,0.540902488008517,0.131983120122208,0,0,0,0,0,0,0,0.114252652086721,0.0298755166351844,0.449268207296587,0,0,0.010059356902018,0.010059356902018,0.0776978087977143,0,0,0,0,0,0,0,0,0,0,0,0.010059356902018,0.0683257651529736,0.0492950059322916,0.0961600142547186,0.0492950059322916,0,0.0200175231427538,0,0.010059356902018,0,0.0200175231427538,0,0.0200175231427538,0,0.0961600142547186,0,0,0,0,0,0.123162700784397,0,0,0,0,0,0,0,0,0,0,0,0,0,0
0.00467674523853445,0.749143960271355,0,0,0.619271736770702,0.999524123208515,0,0,0,0,0.067900519651622,0,0.0457953896578758,0,0.0852153468308417,0.783073182650617,0,0,0,0.999973114437785,0.00467674523853445,0.0139647221670443,0,0,0,0.00467674523853445,0.00467674523853445,0,0,0,0,0,0,0,0,0,0,0.286459092986121,0,0,0,0.0413118494143851,0,0,0.915053897783197,0,0.00467674523853445,0,0,0.0139647221670443,0,0,0.0937517682522686,0,0.00467674523853445,0.0722597114581817,0,0.11058637855408,0.989099620487441,0.525430287097753,0,0.00467674523853445,0,0,0,0,0.00467674523853445,0,0,0.338019353040553,0.0185761579576766,0.139297957016344,0.00467674523853445,0,0,0.928580460600646,0,0,0,0,0.00467674523853445,0,0,0,0,0.0185761579576766,0,0,0,0,0,0,0,0,0,0,0.0277344308688859,0,0,0,0,0,0,0,0,0,0,0,0,0,0,0,0,0,0,0,0,0,0,0,0
0,0.997616788564941,0.0363182942525619,0,0.168871695445731,0.999894422931451,0,0,0,0,0.0183270882073611,0,0.0183270882073611,0,0,0.045189869565055,0,0,0,0.997786753413304,0,0,0,0.00920591857205826,0,0,0,0,0.00920591857205826,0,0,0,0,0,0,0,0,0,0,0,0,0,0,0.00920591857205826,0.00920591857205826,0,0,0,0,0.0183270882073611,0,0,0.509406172281188,0,0,0,0,0.00920591857205826,0.740834653458672,0.045189869565055,0.00920591857205826,0,0,0,0,0,0,0,0,0.0183270882073611,0.0273642890977195,0.00920591857205826,0.00920591857205826,0,0,0,0.121447637582806,0,0,0,0,0,0,0,0,0,0,0,0,0,0,0,0.00920591857205826,0,0,0,0,0,0,0,0,0,0,0,0,0,0,0,0,0,0,0,0,0,0,0,0,0,0,0,0
0.0157309655298921,0.981605702701137,0,0,0.139835903202859,0.99999789938517,0,0,0,0,0,0,0.0312144677832816,0,0.173265870388302,0.0688659678544064,0,0,0,0.999998433421585,0,0.007896661395544,0,0,0,0.007896661395544,0,0,0.007896661395544,0,0,0,0,0.007896661395544,0,0,0,0,0,0,0,0.007896661395544,0,0,0.046454399596441,0,0,0,0,0,0,0.0312144677832816,0.007896661395544,0,0,0,0,0.0388646390960989,0.982038031316881,0.007896661395544,0,0.0157309655298921,0,0,0,0,0,0,0,0.791901763146925,0,0.0388646390960989,0,0.0157309655298921,0,0,0,0,0,0.007896661395544,0,0,0,0,0,0.0388646390960989,0,0,0.0539842263280386,0,0,0,0,0,0,0,0.0157309655298921,0,0.007896661395544,0,0.0312144677832816,0.0235034048172216,0.0157309655298921,0,0,0.0157309655298921,0,0,0,0,0.007896661395544,0.0157309655298921,0.0157309655298921,0,0,0.007896661395544,0,0,0.007896661395544,0,0
0.0065882113853526,0.987085262959309,0,0,0.063962832503095,0.935206106057647,0,0,0,0,0,0,0.0065882113853526,0,0.0196347065264974,0.168962421557798,0,0,0,0.999999997136978,0,0.0131330182414471,0,0,0.0131330182414471,0,0,0,0,0,0,0,0,0,0,0,0,0,0,0,0,0,0,0,0.0065882113853526,0,0,0.0131330182414471,0,0.0065882113853526,0,0,0,0.0065882113853526,0,0,0,0.0260935603147641,0.476794478412194,0.0196347065264974,0.0131330182414471,0,0.0065882113853526,0,0,0,0,0,0,0.0452159274422496,0.0823416475847906,0.0065882113853526,0,0,0,0,0,0,0,0,0,0,0.0065882113853526,0,0,0,0,0,0,0,0,0,0,0,0,0,0.0131330182414471,0.0065882113853526,0,0,0,0.0065882113853526,0.0065882113853526,0,0,0,0.0065882113853526,0,0,0,0,0,0,0,0,0,0,0,0,0,0
0.0748254604594481,0.771834603463769,0.0278848776112553,0.485523040637618,0.489147698136574,0.999999999999213,0.0482870616525823,0,0,0,0.0209874155554678,0,0.0682610565791948,0.0278848776112553,0.688573840845205,0.240989879678658,0,0,0,0.901632568933031,0,0.0748254604594481,0,0,0.0415343594992377,0,0.0482870616525823,0,0.331691149202832,0,0,0,0,0.0140410138404616,0,0,0,0.191122521499028,0.0549921888231158,0.948671519255838,0,0.0278848776112553,0,0,0.0813436159794635,0,0,0.131862541313082,0.0070453252239867,0.0140410138404616,0,0.771834603463769,0.106960236814674,0,0.0070453252239867,0.928439157495948,0,0.246337352824619,0.902325599476345,0.67507843161484,0.0616500761920648,0,0.0070453252239867,0,0,0,0.0070453252239867,0,0,0,0.0748254604594481,0.0482870616525823,0.0140410138404616,0,0,0,0,0.0616500761920648,0,0.106960236814674,0,0,0,0,0,0,0.0482870616525823,0,0.0347337448036396,0,0,0,0,0,0.0415343594992377,0,0,0,0.0549921888231158,0,0,0,0,0,0,0,0,0,0,0,0.0278848776112553,0,0,0,0,0,0,0.447831430686453,0,0.0070453252239867,0
0.398328720697944,0.999999831604715,0.0101094332598419,0,0.895201465958109,0.999991408102413,0,0,0,0,0.0201166658788487,0.0398286515116161,0,0,0.94530657918322,0.803234162140503,0.0201166658788487,0,0,0.990759561715352,0.0101094332598419,0.0398286515116161,0,0,0.175564798702011,0.10574980850812,0.0966171195703329,0,0.320306598860745,0,0,0,0,0.0201166658788487,0,0,0.0495354396771718,0.0686556176668729,0,0.0101094332598419,0,0.0101094332598419,0,0,0.175564798702011,0,0.0398286515116161,0.216403558883645,0,0.0686556176668729,0,0.0495354396771718,0,0,0.0591440977156005,0,0,0.347377870469466,0.991902965609517,0.379705794598813,0.0101094332598419,0,0.0101094332598419,0,0.0495354396771718,0,0,0,0,0.0201166658788487,0.262748663366627,0.167145107753715,0,0,0,0,0,0,0,0.0300227310475778,0.0300227310475778,0.0101094332598419,0,0,0,0,0,0,0.0300227310475778,0,0,0,0,0.0101094332598419,0.0201166658788487,0,0.0101094332598419,0.23992926408512,0,0,0,0.0873911614244112,0,0,0,0,0,0,0,0.123739140822459,0.0591440977156005,0,0,0,0,0,0,0,0,0,0
0,0.999967816511672,0,0.409665572207242,0,0.99996502356687,0,0,0,0,0.00920415332034705,0,0.0798521905081319,0,0.0684374377974838,0,0,0,0,0.999905052319551,0.00920415332034705,0,0.00307751247401803,0,0.00307751247401803,0.00920415332034705,0,0,0,0,0,0,0,0,0,0,0,0,0,0,0.00307751247401803,0.145462716512142,0.00307751247401803,0,0.0273590903890951,0,0,0,0,0.0243565354567691,0,0.00307751247401803,0.659993387772003,0,0,0,0,0.00307751247401803,0.0451813638308459,0.00614555386500833,0,0,0,0,0,0,0,0,0,0,0.00307751247401803,0.00307751247401803,0,0,0,0.00307751247401803,0,0,0,0,0,0.0213447115989512,0,0,0,0,0,0,0.00307751247401803,0,0,0,0.00614555386500833,0,0.00614555386500833,0,0,0,0,0,0,0.00920415332034705,0,0,0,0,0,0,0,0,0,0.00307751247401803,0.00307751247401803,0,0,0,0,0,0,0,0.00307751247401803
0,0.999999999964511,0.0290044629252271,0.0502043873415238,0.393692452537825,0.999999667085107,0.0502043873415238,0,0.0218331841979045,0.00733134534056147,0.366324197092753,0,0.0640798964124837,0.0502043873415238,0.836371149962233,0.45304286410415,0,0,0,0.943703084158203,0,0,0,0,0,0.0709414499030579,0.0218331841979045,0,0,0.0146089420566204,0,0.0290044629252271,0,0,0,0.0218331841979045,0,0,0.215591702889872,0.0571676669808732,0,0.149459915752878,0,0,0.0431896804635894,0.0146089420566204,0.0218331841979045,0,0,0.209798462530037,0.0978882941747098,0.174129374092843,0.770458249317663,0.00733134534056147,0,0.271238764802853,0,0.0640798964124837,0.124053559700733,0.28188519546096,0,0.00733134534056147,0.00733134534056147,0,0,0.0146089420566204,0.00733134534056147,0,0,0,0.0431896804635894,0.28188519546096,0.0571676669808732,0.0502043873415238,0,0,0,0,0,0,0,0,0,0,0,0,0,0,0.0146089420566204,0.0912257563579625,0,0,0.130475425554402,0,0,0,0,0,0,0,0.104501986625878,0.00733134534056147,0,0,0.00733134534056147,0,0,0,0,0,0,0.0290044629252271,0.00733134534056147,0,0,0,0,0,0,0,0
0,0,0,0,0,0.927384506217073,0,0,0,0,0,0,0.809683155729006,0,0.00568503296768952,0,0,0,0,0.953186026716074,0,0,0,0,0,0.667242763789962,0,0,0,0,0,0,0,0,0,0,0,0,0,0,0,0,0,0,0,0,0,0,0,0,0,0,0,0,0,0,0,0,0,0,0,0,0.00568503296768952,0,0,0,0,0,0,0.418194544606483,0,0,0,0,0,0,0,0,0,0,0,0,0,0,0,0,0,0,0.512447859196169,0,0,0,0,0,0,0.23940952398888,0.0113377463355353,0,0,0,0,0,0,0,0,0,0,0,0,0,0,0,0,0,0,0,0,0,0,0,0
0,0.178920742193688,0.00604735258786699,0,0,0.999831593905504,0,0,0,0,0,0,0,0,0,0,0,0,0,0.998757314110826,0,0,0.00302826147772222,0,0.00302826147772222,0,0,0,0,0,0,0,0,0,0,0,0,0,0,0,0,0.00302826147772222,0,0,0.00302826147772222,0,0,0,0,0,0,0.00302826147772222,0.0673783559652175,0.00604735258786699,0,0,0,0,0.898097674979435,0,0,0,0.00604735258786699,0,0,0,0.00604735258786699,0,0,0,0,0.00604735258786699,0,0,0,0,0,0,0,0,0,0,0,0,0,0,0,0,0,0,0,0,0,0,0.00302826147772222,0,0,0,0,0,0.00302826147772222,0.0180325674981815,0,0,0,0,0,0,0,0,0,0,0,0,0,0,0,0,0,0,0
0.186647067075724,0.989739103157088,0,0,0.103299793939515,0.99999814720501,0,0,0,0,0,0,0,0,0.977347523975058,0.410188691976714,0,0,0,0.923970836506041,0,0,0,0,0,0.205104494910855,0.0338456664643653,0,0.227588384033722,0,0,0,0,0,0.0114116184987363,0,0,0,0,0,0,0.0057221809266468,0,0,0.028285339367149,0,0,0,0,0.0338456664643653,0,0.133649210032366,0,0,0.0226930119607119,0,0,0.439877712240493,0.945807707554399,0.138606625998504,0,0,0,0,0.0665458037903136,0,0.0448710511295748,0,0,0.0114116184987363,0.382479916747554,0.500612261872339,0,0,0,0,0,0.0226930119607119,0,0.0771980269635031,0.0057221809266468,0.0771980269635031,0,0,0,0,0,0,0,0,0,0,0,0,0,0,0,0.0393741763639201,0.0611736696694624,0,0,0,0,0,0.0057221809266468,0,0,0,0,0,0,0,0,0,0,0,0,0,0,0,0
0,0.983567440320522,0.253569546810865,0.00938960204928011,0.00938960204928011,0.999868785772403,0.213817273993375,0.0683096080651308,0,0.111236873454125,0.98935274141891,0,0,0,0.0550315833534094,0.0594784853235326,0,0,0,0.76387553677164,0,0.0140512894164666,0.00938960204928011,0.85197548225375,0,0.0140512894164666,0,0,0.136037933014918,0.102812641191267,0,0.57218165615865,0,0,0,0,0.206365360556476,0,0.518636258567521,0,0,0,0,0,0,0,0,0,0,0.0047058736480357,0.32396432723041,0.0324796956832684,0,0,0,0,0,0,0.98914994256716,0,0,0,0,0,0,0,0.077057810078537,0,0,0,0,0,0,0,0,0.0140512894164666,0,0,0,0.0233089554498468,0,0,0,0,0,0,0,0,0,0,0,0,0,0,0,0,0,0,0,0,0,0,0,0,0.0233089554498468,0,0,0,0,0,0,0,0,0,0,0,0,0,0,0,0
0,0.888541379847852,0.0486430563058982,0.340022541184814,0,0.999986369725297,0,0,0,0,0.03269745990051,0,0.0164846009850735,0,0.422198831813699,0.392655751328508,0,0,0,0.999942118026342,0,0,0,0,0.03269745990051,0,0,0,0.0164846009850735,0,0,0,0,0.0797500118234079,0.0797500118234079,0,0,0,0,0,0,0.0949199656850176,0,0,0,0,0,0,0,0.0486430563058982,0,0.0643257959170745,0.109839848910257,0,0.03269745990051,0,0,0,0.991090555914408,0,0,0,0,0,0,0,0.0797500118234079,0,0,0.03269745990051,0.167100109122768,0,0.03269745990051,0.03269745990051,0,0,0,0,0,0,0.0643257959170745,0,0,0,0,0,0.03269745990051,0,0.0164846009850735,0,0,0,0,0,0,0,0,0,0,0,0,0,0,0,0,0,0,0.124513783813784,0,0,0.0949199656850176,0,0,0,0,0.0797500118234079,0,0.167100109122768,0,0,0
0.00458504467714735,0.423898021664303,0,0,0,0.562730636947374,0,0,0,0,0,0,0,0,0.00458504467714735,0,0,0,0,0.960105122745527,0,0,0,0,0,0,0,0,0,0,0,0,0,0,0,0,0,0,0,0,0,0,0,0,0.00458504467714735,0,0,0,0,0,0,0,0,0,0,0.610189902617336,0,0,0.368437785557898,0,0,0,0,0,0,0,0,0,0,0,0,0,0,0,0,0,0,0,0,0,0,0,0,0,0,0,0,0,0,0,0,0,0,0,0,0.981310238375413,0,0,0,0,0,0.00458504467714735,0,0,0,0,0,0,0,0,0,0,0,0,0,0,0,0,0,0,0
0,0.999693964417753,0,0.0266413868103005,0.644810386779483,0.974353965934099,0,0,0,0,0,0,0,0,0.052573010129425,0,0,0,0,0.999918502767402,0.00896051325225834,0,0,0,0.0178407357067728,0,0,0,0.0178407357067728,0,0,0,0,0,0,0,0,0,0.00896051325225834,0,0,0.00896051325225834,0,0,0.0440068205761288,0,0,0.00896051325225834,0,0,0,0.0942662596816412,0.0178407357067728,0,0.00896051325225834,0,0,0,0.997742753025073,0,0.00896051325225834,0,0,0,0,0,0,0,0,0.657371020850708,0,0.0178407357067728,0,0.0178407357067728,0,0,0,0,0,0.0353631795629866,0,0,0,0,0,0.00896051325225834,0,0,0,0,0,0,0,0,0,0,0.0178407357067728,0,0,0,0.0178407357067728,0,0,0.0440068205761288,0,0,0,0,0,0,0,0.052573010129425,0,0.0178407357067728,0,0.0178407357067728,0.0440068205761288,0,0,0,0
0.26404307529025,0.383353216389973,0,0,0.376038875215198,0.993645746545081,0,0,0,0,0,0,0.011722430908332,0,0.892323894321537,0.567083020372901,0.011722430908332,0,0.0233074464302634,0.999871768975116,0,0,0,0,0.47719274351826,0.338145020343125,0,0,0.034756657408167,0,0,0,0,0,0,0,0,0,0,0,0.011722430908332,0.0233074464302634,0,0,0.237542604817571,0,0.152177112769361,0.489378045642061,0,0.975915118990796,0,0.011722430908332,0,0,0.0233074464302634,0.99990450809198,0,0.171937699295841,0.0683052895821454,0,0.0460716558014272,0,0.0460716558014272,0,0,0,0,0,0,0.0792270164526771,0.615236379303757,0.529833099621076,0.10068788344114,0,0,0,0,0,0,0,0,0,0,0.011722430908332,0,0,0,0.011722430908332,0,0,0,0,0,0.011722430908332,0.011722430908332,0,0.0233074464302634,0.0233074464302634,0,0,0,0,0,0,0,0,0,0,0,0,0,0,0,0,0,0,0,0,0,0,0
0.147885225863547,0.998091298666604,0.0582474914234687,0.251782610276029,0.861988928150274,0.999995767139173,0.00995227318588256,0,0,0,0,0,0,0,0.585294759053913,0,0,0.0582474914234687,0,0.999999989093434,0.00995227318588256,0.0487806970609343,0.0295606620831309,0,0.0487806970609343,0.00995227318588256,0.00995227318588256,0,0.478026431429384,0,0,0,0,0,0,0,0.0676200696623125,0.00995227318588256,0,0,0,0,0,0,0.147885225863547,0,0,0.121928861658071,0,0.0582474914234687,0,0.0768993694420673,0.0392187394844065,0,0.0582474914234687,0.947167337154512,0,0.11310221258981,0.0860863190954403,0.585294759053913,0.0392187394844065,0,0.00995227318588256,0,0.0198054986301987,0,0.0198054986301987,0,0,0,0.236664367451202,0.0676200696623125,0,0,0,0,0,0,0,0,0.0295606620831309,0,0,0,0,0,0.0487806970609343,0,0.095181837716118,0,0.0198054986301987,0.0295606620831309,0,0,0,0,0,0.164761783855479,0.104186835250715,0,0.0198054986301987,0,0,0,0.00995227318588256,0,0,0,0,0,0,0,0,0,0,0,0,0.0676200696623125,0.0295606620831309,0.0582474914234687,0
0,0.954267376384296,0,0.0777565419301173,0.395687737562688,0.984033170081966,0,0,0,0,0.0222341061992531,0.0818945612900455,0,0,0.0482634559993649,0.263463242452027,0,0,0,0.999999282554096,0,0.243319461041398,0,0,0,0,0,0,0.219121030613559,0,0,0,0,0.114337258664478,0,0,0,0,0,0,0,0,0,0,0.0353365702963469,0,0,0.0525338080524638,0,0,0,0.137914707464146,0,0.0652302437145289,0,0.435107173721152,0,0.0567849994389136,0.885027000065047,0.23648317654766,0,0,0,0,0,0,0,0,0,0.0089536789285492,0.0652302437145289,0,0,0,0,0.0178271894907429,0,0,0,0.20851480429097,0.14178280281273,0,0,0,0,0,0,0,0,0,0,0,0,0,0.0482634559993649,0,0,0,0,0,0.0353365702963469,0,0,0,0,0,0,0,0,0,0,0,0,0,0,0,0,0,0,0,0
0,0.834819963935609,0.0134479993554162,0,0,0.999940405414959,0.00674675905659198,0,0,0.0134479993554162,0.149959183962819,0,0,0,0.0398038840592806,0.364640709778929,0,0,0,0.99996109671978,0,0.0134479993554162,0,0.0398038840592806,0,0,0,0,0.00674675905659198,0.00674675905659198,0,0,0,0,0.0134479993554162,0,0,0,0,0,0,0,0,0,0,0.00674675905659198,0,0,0,0.00674675905659198,0,0.0591076936601856,0.00674675905659198,0,0,0.696220555706007,0.0134479993554162,0,0.999530203689502,0,0,0,0,0,0,0,0,0.0267151500241692,0,0.306191679252565,0.020104028000564,0,0,0.0267151500241692,0,0,0,0,0,0.0591076936601856,0,0,0,0,0,0.00674675905659198,0,0,0,0,0,0,0,0,0,0,0.00674675905659198,0,0,0,0.0332816684003874,0,0,0,0,0,0,0,0,0,0,0,0,0,0.0134479993554162,0.00674675905659198,0,0.0267151500241692,0,0,0
0.130168515709558,0.999999800468939,0.0342631999183954,0.0286352989771346,0.310564468282833,0.999574837261729,0.011554048537165,0,0,0,0,0,0.0286352989771346,0,0.934846487987003,0.51632021842766,0.011554048537165,0,0,0.971450688220845,0,0.0229746010367308,0,0,0.011554048537165,0.554109291811287,0.0564506176067594,0,0.466102294127155,0,0,0,0,0,0.0229746010367308,0,0,0,0,0,0,0,0,0.011554048537165,0.125099509921684,0,0.0781282882256979,0.125099509921684,0,0.150152547030318,0,0.0286352989771346,0.0172809149703031,0,0.0229746010367308,0.150152547030318,0.00579380837633333,0.375412136592719,0.996556275927882,0,0.0342631999183954,0,0,0,0.0229746010367308,0,0.00579380837633333,0,0,0.0342631999183954,0.430862821460271,0.623256417774192,0.00579380837633333,0,0,0,0,0,0,0.00579380837633333,0.0229746010367308,0,0,0,0,0,0,0,0,0,0,0,0,0.00579380837633333,0,0,0,0.0342631999183954,0,0,0,0,0,0,0,0,0,0,0,0,0,0,0,0,0,0,0,0,0,0,0
0.00560314943912313,0.999399024190745,0.00280551016319947,0,0.0859796979400864,0.999625134767356,0.0167154383789238,0,0.00280551016319947,0,0.0222249287188694,0,0.0834081903024746,0.00280551016319947,0.0358639742523753,0,0,0,0,0.999997891587528,0.00839293990962521,0,0,0.00280551016319947,0.128607869462081,0,0,0,0.0111749035946091,0,0,0,0,0,0.00280551016319947,0,0.0139490624522011,0,0,0,0,0.0678265016320391,0,0,0.0519799305796603,0,0,0.0277035485611069,0,0,0,0.00280551016319947,0.462533641210763,0,0,0,0,0.0277035485611069,0.979112758428997,0,0,0.00280551016319947,0,0,0,0.00280551016319947,0,0,0,0.374484174075686,0,0.0111749035946091,0,0,0,0,0,0,0,0,0,0,0,0.00839293990962521,0,0.00560314943912313,0,0,0,0,0,0,0,0,0,0,0.00280551016319947,0,0,0,0,0.00280551016319947,0,0,0,0,0.00280551016319947,0,0,0,0,0,0,0,0,0,0,0,0,0,0
0.0125850452144632,0.999999998309083,0,0.0372819788160246,0.624787914760703,0,0,0,0,0,0,0,0,0.0200599201947935,0.504226388016731,0.72522991360565,0,0,0,0,0,0.0372819788160246,0,0,0.0708234028097282,0.179279412498929,0,0,0.0348403408429538,0.00252977623951179,0,0,0,0,0.00252977623951179,0,0,0,0,0,0,0,0,0,0.0348403408429538,0,0.10092176540379,0.00252977623951179,0,0,0,0,0.042146739994893,0,0.00252977623951179,0.0493978286414034,0,0,0,0,0,0,0,0,0,0.107727918550014,0,0,0,0,0.00252977623951179,0,0,0,0,0,0,0,0,0.0372819788160246,0,0,0,0,0,0,0.00505315271120159,0,0,0,0,0,0,0,0,0,0,0,0,0,0,0,0,0,0,0,0,0,0,0,0,0,0,0,0,0,0,0,0,0,0.00757014560504996
0,0.999986776039391,0,0,0.236317784182721,0,0,0,0,0,0,0,0.215863217337277,0,0.155628736627251,0,0,0,0,0,0,0.00527239548695904,0,0,0.0105169928197472,0,0.00527239548695904,0,0.0105169928197472,0,0,0,0,0,0,0,0,0,0,0.0105169928197472,0,0.0260854576620994,0,0,0.0105169928197472,0,0,0.00527239548695904,0,0,0,0,0,0,0,0,0,0,0,0,0,0,0,0,0,0,0,0,0,0,0,0,0,0,0,0,0,0,0,0,0,0,0,0,0,0,0,0,0,0,0,0,0,0,0,0,0,0,0,0,0,0,0,0,0,0,0,0,0,0,0,0,0,0,0,0,0,0,0,0,0
0,0.999737034305629,0.0126118463698679,0,0.496096622945305,0.999999772000221,0,0.0188579965807842,0,0,0.11919631305893,0.0126118463698679,0,0,0.0965517123264304,0.580799300625674,0,0,0,0.0312320087949318,0,0,0,0.0063259318920856,0.0063259318920856,0.0063259318920856,0,0,0,0.0188579965807842,0,0.0250646340708786,0,0,0,0,0,0,0.0063259318920856,0,0,0.0063259318920856,0,0,0,0,0,0,0,0,0,0.0791870243806592,0.102266864662275,0,0,0,0,0.0312320087949318,0.9999908967624,0.209273344505365,0,0,0.0063259318920856,0.0188579965807842,0,0,0.0126118463698679,0,0,0,0.10794586333369,0.0188579965807842,0,0,0,0,0,0,0,0.0063259318920856,0.0063259318920856,0,0,0,0,0,0,0,0,0,0.0063259318920856,0,0.0063259318920856,0,0,0,0,0,0,0,0,0,0,0,0.0188579965807842,0,0,0.0063259318920856,0,0.10794586333369,0.0791870243806592,0.0312320087949318,0,0,0.0063259318920856,0,0,0,0,0,0.0063259318920856
0,0.997436964243687,0.0110391979852776,0,0.938347784176312,0.999999995933825,0.0165130135883805,0,0,0,0,0,0.0110391979852776,0,0.0434309748558843,0.948950320052836,0,0,0,0.291154752678761,0,0.0849757001348362,0.0055349166437655,0,0,0,0.329425824833833,0,0.0110391979852776,0,0,0,0.0055349166437655,0.0110391979852776,0.021956532078397,0,0,0.321940592791883,0,0.758497271851715,0,0,0,0,0.7944020980089,0,0.0849757001348362,0.032753347558991,0.0055349166437655,0.0055349166437655,0,0,0,0.221014695090148,0,0,0,0.0055349166437655,0.857462785530824,0.897266737192396,0.0110391979852776,0,0.0110391979852776,0,0,0,0.032753347558991,0,0,0.477632571693511,0.17197331409538,0.0055349166437655,0,0,0,0,0,0,0,0,0.0055349166437655,0,0,0,0,0.0055349166437655,0,0.0110391979852776,0,0,0,0,0,0,0,0,0,0.0110391979852776,0,0,0.0165130135883805,0,0,0,0.0055349166437655,0,0,0,0,0,0.0110391979852776,0,0,0.0110391979852776,0,0,0,0,0,0,0
0.0266781772916002,0.939928024138227,0.0526446294395984,0.015332948167812,0,0.999935298882671,0.0266781772916002,0,0,0,0.0115218937230386,0,0.0304307970361072,0,0.0920565742119021,0.333428238928955,0,0,0,0.999999827923571,0,0,0,0,0,0,0,0,0.00769608897667445,0,0.0038554768391659,0,0,0,0.0038554768391659,0,0,0,0,0,0,0.109424904722151,0,0,0.015332948167812,0,0,0,0,0,0,0.0304307970361072,0.439787583690619,0,0,0,0,0,0.0191293091804408,0,0,0,0,0,0,0,0,0.00769608897667445,0,0.753955530891862,0.034168948642103,0,0,0,0.0038554768391659,0,0,0,0,0.0229110334111122,0,0.0038554768391659,0,0,0,0.0115218937230386,0,0,0.0191293091804408,0.0038554768391659,0,0,0,0,0,0,0.0038554768391659,0,0.0038554768391659,0,0,0,0,0,0.0038554768391659,0,0,0,0,0,0,0,0,0,0,0,0,0,0,0,0
0.00879154624541349,0.999789993626932,0.56780996432569,0.0516034090954164,0.493353791178807,0.941772364859218,0.297575105911333,0.169260339497989,0.124058786725868,0.0175058012054417,0.999972201787443,0,0.309871616469003,0.941772364859218,0.621426935786454,0.869948791669617,0,0,0,0.999847182750163,0,0.0175058012054417,0.183803102848213,0.259355315249824,0.0599412815833465,0.0682058512797107,0.116289605928839,0.00879154624541349,0.0925661597897019,0.239472507030309,0.232726990887842,0,0,0,0,0,0.00879154624541349,0.169260339497989,0.278718318378335,0.0599412815833465,0,0.00879154624541349,0,0,0.0431915836551195,0,0,0.205141301040187,0,0,0.373754150694342,0,0,0,0,0,0,0.0516034090954164,0.996840791545524,0.161892074915965,0.0763977626293908,0,0.034705149335039,0,0,0,0,0.00879154624541349,0.212129338050661,0.100543906360564,0,0.131759664410631,0,0,0,0,0,0,0.154458457341262,0,0,0,0,0,0,0,0,0,0,0,0,0,0,0,0,0,0,0.0925661597897019,0,0.154458457341262,0,0.0599412815833465,0,0,0,0,0,0,0,0,0,0,0.0431915836551195,0,0,0,0,0,0.0261434443899946,0,0
0.0100708689020936,0.999910591181109,0,0,0,0.993692542050918,0,0,0,0,0,0,0.00504817649400412,0,0.0493502832941,0,0,0,0,0.99760091102293,0,0.00504817649400412,0,0,0,0,0,0,0,0,0,0,0,0,0,0,0,0,0,0,0,0,0,0,0.0100708689020936,0,0,0,0,0,0,0.0396790165660066,0,0,0,0.362643152980468,0,0.015068205872432,0.529558317620333,0,0,0,0,0,0,0,0,0,0,0,0,0.0200403154037441,0,0.0249873248485946,0,0,0,0.015068205872432,0,0.0249873248485946,0.0200403154037441,0,0,0,0.0493502832941,0,0,0,0.015068205872432,0,0,0,0,0,0,0,0,0.0200403154037441,0,0,0,0,0,0,0,0,0,0,0,0,0,0,0,0,0,0.0200403154037441,0,0,0,0,0.0249873248485946
0.154810783481046,0.767691759791108,0.00598894973650337,0.0639407560065133,0.0119420319540604,0.987906803233689,0.00598894973650337,0,0,0,0,0.00598894973650337,0.023741451780929,0.0295882151560447,0.222982283508322,0,0,0,0.00598894973650337,0.99999999951692,0,0.0526271997535627,0,0,0.159872579216613,0.0353999625591857,0.0353999625591857,0,0.0178594614614392,0,0,0,0,0,0,0,0,0,0,0.0469192470291917,0,0,0,0,0.134256782631219,0,0.0178594614614392,0.0526271997535627,0,0,0,0.0295882151560447,0.0119420319540604,0,0,0.999374238505272,0,0.118513915883139,0.154810783481046,0,0.0469192470291917,0,0,0,0,0,0,0,0,0,0.123793091734342,0.0526271997535627,0,0,0.0119420319540604,0,0,0,0,0,0,0,0,0,0,0.00598894973650337,0,0,0,0,0,0,0,0.0695467677691796,0,0.757715222854806,0,0,0,0,0,0,0,0,0,0,0,0.0178594614614392,0,0,0,0,0,0.0119420319540604,0,0.00598894973650337,0.023741451780929,0,0,0,0
0,0.958065997837883,0,0,0.391617831314379,0.97622897609355,0,0,0,0,0.0196818146664944,0,0.00879579140051818,0,0.0453229748284022,0.582063968490671,0,0,0,0.989002812652986,0,0.0131646321990663,0,0,0,0.00220623834869159,0,0,0,0.0131646321990663,0,0,0,0,0,0,0,0,0,0.00440760920973195,0,0.00220623834869159,0,0,0,0,0,0,0,0,0,0.15639257361594,0,0,0,0,0,0.00220623834869159,0.999981250692536,0.434383122549953,0,0,0,0,0,0,0,0,0,0,0,0,0,0.0432120726114324,0,0,0,0,0,0.0474292198919506,0,0,0,0,0.0453229748284022,0,0,0,0,0,0,0,0,0,0,0,0,0,0,0,0,0,0,0,0,0.0153418262313539,0,0.00220623834869159,0,0.127975615894103,0.148906533018023,0,0,0,0,0,0,0,0,0,0.0175142168546749
0.00932189154911604,0.999997972557371,0,0.00622428988324431,0.0185568854361786,0.998651820900683,0,0,0,0.00311700279483366,0,0.00311700279483366,0.012409837981938,0,0.221004228552494,0,0.00311700279483366,0,0.00622428988324431,0.999999994651948,0.00311700279483366,0.00622428988324431,0.00311700279483366,0,0.0367694128752657,0.0277057917117692,0.00622428988324431,0,0.0457485439452339,0.00311700279483366,0,0,0,0,0,0,0.00932189154911604,0,0,0.0185568854361786,0,0,0,0,0.163012910782948,0,0.00311700279483366,0.0154881592770985,0,0.0216160463672443,0,0,0,0,0.0277057917117692,0.993333115235532,0.00622428988324431,0.0307364354764042,0.903204941370215,0.0277057917117692,0,0,0,0,0,0.00622428988324431,0.0277057917117692,0,0,0.230671439864773,0.0397718053074028,0.00932189154911604,0,0,0,0,0,0,0.00311700279483366,0.00932189154911604,0,0,0.012409837981938,0.012409837981938,0,0.00622428988324431,0,0,0,0,0,0.00932189154911604,0,0.00622428988324431,0,0.996495501877716,0,0.00311700279483366,0,0,0,0,0,0.00932189154911604,0.00311700279483366,0.00311700279483366,0,0,0,0.00932189154911604,0.00622428988324431,0,0,0,0.00622428988324431,0,0.00311700279483366,0,0,0,0
0.171357465686774,0.999979947649499,0.0357267758758713,0.885209381909667,0.321628157756347,1,0,0,0.0120536315684312,0,0.0869379998540198,0.0180258536376181,0.0120536315684312,0,0.800685865654019,0.313351550326953,0.00604508732459658,0.0180258536376181,0.0180258536376181,0.996507658447595,0,0.0357267758758713,0,0,0.0120536315684312,0.114204047408822,0,0,0.140655870574545,0,0,0,0,0.0120536315684312,0.0757980095665239,0,0,0.0298622082075949,0.0180258536376181,0.0120536315684312,0,0.0120536315684312,0.058832664936156,0,0.0357267758758713,0,0.0180258536376181,0.0415558917204719,0,0.00604508732459658,0,0.00604508732459658,0.814673163405111,0.0415558917204719,0.0180258536376181,0.774988659901937,0,0.186294454728209,0.918258852390792,0.313351550326953,0.0180258536376181,0,0,0.0120536315684312,0,0.0473497700507668,0.058832664936156,0,0,0,0.124881105466164,0.092457539377673,0,0,0,0,0,0,0,0,0.0120536315684312,0.00604508732459658,0.00604508732459658,0,0,0,0,0.00604508732459658,0,0,0,0,0.00604508732459658,0,0.283580081778971,0,0.00604508732459658,0.0180258536376181,0.0120536315684312,0,0.00604508732459658,0,0.0239619731028748,0.0120536315684312,0.0180258536376181,0,0,0.0120536315684312,0.0531086238806069,0,0,0.092457539377673,0.0531086238806069,0.00604508732459658,0,0,0,0.00604508732459658,0,0,0.0180258536376181
0.0362805376381988,0.974635048523641,0.0260511165416161,0,0,0.999997906776168,0.00526538058426814,0.0564181883146933,0,0,0.368273268445729,0,0.00526538058426814,0,0.07613504747394,0,0,0,0,0.96554799251854,0,0.00526538058426814,0,0.00526538058426814,0,0.00526538058426814,0,0,0,0.00526538058426814,0,0,0,0,0,0,0,0,0.164308633431534,0,0.00526538058426814,0,0,0,0.00526538058426814,0,0.0413548873839999,0.00526538058426814,0,0,0.0514235724101674,0,0.0413548873839999,0,0,0.999893112424275,0,0,0.437544230104219,0.0157131150333494,0,0,0,0,0,0,0.0157131150333494,0,0,0,0,0.0157131150333494,0,0,0,0.00526538058426814,0,0,0,0,0,0,0,0,0,0,0,0,0,0,0,0.0208957600868026,0,0,0.0208957600868026,0,0,0.0362805376381988,0,0,0,0.00526538058426814,0,0,0,0,0,0,0,0,0,0,0,0,0,0,0,0,0,0,0
0.0202422166862748,0.999999999999976,0,0.0785433916114531,0.697695054696784,0.973749803377484,0.0101728518000099,0,0,0,0.0202422166862748,0,0.0202422166862748,0,0.563174229937421,0,0,0.0202422166862748,0,0.375214974905167,0,0,0,0,0,0.176567770656293,0,0,0.0101728518000099,0,0,0,0,0,0,0,0,0,0.0302091474158316,0.0101728518000099,0,0,0,0.0101728518000099,0,0,0.0101728518000099,0,0,0,0,0.584945566906505,0.0202422166862748,0,0.0101728518000099,0,0,0.115470475888583,0.0202422166862748,0,0,0,0,0.0202422166862748,0,0,0.0101728518000099,0,0,0.0302091474158316,0.0101728518000099,0.0879172331287295,0,0,0,0,0,0.0498398639942075,0,0.233444879069362,0,0,0,0,0,0,0.0302091474158316,0,0,0,0,0,0.0101728518000099,0,0.0202422166862748,0,0,0,0,0,0,0,0,0.225566683713792,0,0.0202422166862748,0,0,0.0595057022440717,0,0.0302091474158316,0,0.0101728518000099,0.0202422166862748,0,0.0595057022440717,0,0.0202422166862748,0,0,0
0,0.999870923173521,0,0.0157420694558657,0.0388917462315086,0,0,0,0,0,0,0,0,0,0.0614969442499212,0.00198144580698546,0,0,0,0,0,0,0,0,0,0,0,0,0,0,0,0,0,0,0,0,0.00198144580698546,0,0,0,0,0,0,0,0,0,0,0,0,0,0,0,0,0,0,0,0,0,0,0.0388917462315086,0,0.0388917462315086,0,0,0,0,0,0,0,0.836809668505433,0.00593256681790715,0,0,0,0,0,0,0,0,0,0,0,0,0,0,0,0,0,0,0,0,0,0,0,0,0,0.0235199291336621,0,0,0,0,0,0,0,0,0,0,0,0,0,0,0,0,0,0,0,0,0,0,0,0
0,0.531857262977673,0.373161199730714,0.208268479679326,0.0567116215792998,0.999812613143996,0.253168858052156,0,0,0,0,0,0.723191995516371,0,0,0.208268479679326,0.0567116215792998,0,0.160668637043711,0.939335415924035,0,0,0,0,0,0,0,0,0,0.208268479679326,0,0,0,0,0.110207035136446,0.110207035136446,0,0,0,0,0,0.253168858052156,0,0,0.0567116215792998,0,0.0567116215792998,0,0.295522863157938,0,0,0.160668637043711,0.0567116215792998,0,0,0,0,0.253168858052156,0.999999076605775,0.208268479679326,0.531857262977673,0,0,0,0,0,0,0,0,0.110207035136446,0,0,0,0.160668637043711,0,0,0,0.253168858052156,0,0,0,0,0,0,0,0.110207035136446,0.110207035136446,0,0,0,0,0,0,0.110207035136446,0.253168858052156,0,0,0,0,0,0.160668637043711,0.160668637043711,0.0567116215792998,0,0,0,0,0.738890226316767,0,0,0,0,0,0.0567116215792998,0,0,0.650376425115026,0.903221395915658,0.629356639090231,0,0
0.017836888013738,0.954207603601787,0.0553995970206709,0.0324576845193742,0.98034724410609,0.999999799246037,0.00299515265401859,0.0148863221670666,0,0,0.110402563314198,0,0.0207786164652828,0.0237115339910486,0.105049565522248,0.755082654352066,0.00299515265401859,0,0,0.99999995678184,0,0.0148863221670666,0.00299515265401859,0,0.00598133436861631,0.026635666981103,0.0119268923764034,0,0.00598133436861631,0,0,0,0,0,0.00895857201312617,0.00299515265401859,0,0,0.0237115339910486,0,0,0.00598133436861631,0.00299515265401859,0.00895857201312617,0,0.0207786164652828,0.00895857201312617,0.00598133436861631,0,0.0148863221670666,0.0237115339910486,0.00598133436861631,0.0468608311378884,0,0.017836888013738,0.999647007877062,0,0.026635666981103,0.00895857201312617,0.250213006632114,0,0.0119268923764034,0,0,0,0,0,0,0,0.496876285567666,0.017836888013738,0.00598133436861631,0.0119268923764034,0,0,0,0,0,0,0.0119268923764034,0,0,0,0,0,0.00299515265401859,0,0,0,0,0,0,0,0,0,0.381181668255784,0.00895857201312617,0,0,0,0.00895857201312617,0,0,0,0,0,0,0,0,0,0,0,0.00598133436861631,0,0,0,0,0,0,0,0.00299515265401859
0.0931487666721351,0.995658265116534,0.0304050810869274,0.0254025386578991,0.563309363129898,0.993743313641883,0.00513293193082953,0.0102395168714525,0,0,0.0837669832388272,0,0,0.00513293193082953,0.386689726024292,0.59575029875295,0,0,0,0.999999999991438,0,0.0102395168714525,0,0.00513293193082953,0.0403332646176125,0.0598856932179522,0.0452591686466117,0,0.0598856932179522,0.0153198900591763,0,0,0,0,0,0,0,0,0.0254025386578991,0,0,0,0.0353819458061864,0,0,0.0203741860371443,0.0695120095233409,0.0501597883455322,0.0203741860371443,0.00513293193082953,0,0.0695120095233409,0.0353819458061864,0,0.0598856932179522,0.999603344072286,0,0.143057554182509,0.903320356289474,0.186041605889017,0.0203741860371443,0,0.00513293193082953,0,0,0,0,0,0,0,0.0403332646176125,0.0598856932179522,0,0,0.0153198900591763,0,0,0,0,0,0.00513293193082953,0,0.0931487666721351,0,0.0102395168714525,0,0,0,0,0,0,0,0.0203741860371443,0,0,0,0,0.00513293193082953,0,0,0.00513293193082953,0,0.0102395168714525,0,0.00513293193082953,0,0.0254025386578991,0,0.0102395168714525,0,0,0,0,0,0,0,0.00513293193082953,0,0,0,0
0.12732037348052,0.794677056703491,0,0.0763686721092425,0.316267190762411,0.781452581520671,0,0,0.0112847417266217,0,0,0,0.00565837949255172,0,0.708103322240333,0.300570497301426,0,0,0,0.998457801131254,0,0,0,0,0.0919588927039953,0.117360009146146,0,0,0.259734064240773,0,0,0,0,0,0.0334736260522576,0,0,0,0,0,0.0112847417266217,0,0,0,0.0224421380574069,0,0.12732037348052,0.0168792678680088,0,0.0919588927039953,0,0.0168792678680088,0,0,0.259734064240773,0.234096496781938,0,0.0334736260522576,0.866603490642862,0.102205902076986,0,0,0.0112847417266217,0.00565837949255172,0,0,0,0,0,0.00565837949255172,0.1223543211697,0.0279735314162056,0,0,0,0,0,0,0,0.00565837949255172,0.0168792678680088,0,0.00565837949255172,0,0,0,0,0,0,0,0,0,0,0,0.999999996139882,0,0,0.0551645443725177,0,0,0,0,0,0,0,0,0,0,0,0,0,0,0,0,0,0,0,0,0,0,0
0,0.999341096507408,0.0406291169709925,0,0.220314961098509,0.999999998683682,0.152877662135557,0.00826119512471442,0.0245794071441103,0,0.0564147425788067,0,0.0872110507572995,0,0.472050217459701,0,0,0.138705804357606,0,0.962869503463813,0,0.0642098845071671,0,0,0.0326375469903575,0.00826119512471442,0,0,0.0326375469903575,0,0,0,0,0.0326375469903575,0,0,0.0796075087961424,0.0406291169709925,0.0564147425788067,0.0872110507572995,0,0.102230210569824,0,0,0.117002242980487,0,0,0.239479157113841,0.0642098845071671,0.0326375469903575,0,0.0245794071441103,0.595138546918506,0,0.166816334140407,0,0,0.294191505106554,0.0564147425788067,0.0164541429045402,0.0947517783746765,0,0,0,0,0,0,0,0,0.999999664293209,0.371581191728599,0.12429685974591,0,0,0,0,0.00826119512471442,0,0,0.00826119512471442,0.00826119512471442,0,0.12429685974591,0.0564147425788067,0,0.0164541429045402,0.0164541429045402,0,0.152877662135557,0.0406291169709925,0.0326375469903575,0,0,0,0,0,0.804894542152631,0,0,0,0.00826119512471442,0.0164541429045402,0.0326375469903575,0,0,0,0,0,0,0,0,0,0,0,0,0,0.0642098845071671,0.0406291169709925,0,0,0.0245794071441103
0.00615183418928751,0.908762005143902,0.0827651068596945,0,0.847730694544431,0.999999991316757,0.0122658233146825,0,0,0.0122658233146825,0.0656266437037434,0,0.0122658233146825,0,0.0770875022020202,0.909881114268393,0,0,0,0.999956646315745,0,0,0,0,0.00615183418928751,0,0,0,0.018342200192743,0.0122658233146825,0,0,0,0,0,0.0122658233146825,0.0122658233146825,0,0.024381196207778,0.514214280326373,0,0.00615183418928751,0,0,0.024381196207778,0.00615183418928751,0,0.0363479640775754,0,0,0,0.0122658233146825,0.105128390757969,0.326275105601523,0,0,0,0.0122658233146825,0.0363479640775754,0.567958451109589,0,0,0,0,0,0,0.0122658233146825,0,0,0.018342200192743,0.00615183418928751,0.024381196207778,0,0,0,0,0,0,0,0.018342200192743,0,0,0,0,0,0,0,0.024381196207778,0,0,0.018342200192743,0,0,0,0,0,0,0,0,0,0.0122658233146825,0.00615183418928751,0,0,0,0,0,0,0,0,0,0,0,0,0,0,0,0,0,0,0
0,0.831070093662407,0.0197274263231726,0,0.204777246292257,0.998780863280733,0,0.00496876702973997,0,0.00991284541368411,0.039065681297009,0,0.0197274263231726,0.00991284541368411,0.155794374098867,0.386240999270449,0,0.0580224422706304,0,0.999996702151172,0.00496876702973997,0.00991284541368411,0,0.00496876702973997,0,0,0,0,0,0,0,0.00991284541368411,0,0,0,0,0,0.00496876702973997,0.0294447168093053,0,0,0,0,0,0.0245981723674164,0,0,0,0,0,0.0148323578239617,0.0342671799009631,0.00496876702973997,0,0,0.991661629395658,0,0.0438403400575261,0.920770499601504,0.235843164948734,0,0,0,0,0,0,0,0.00991284541368411,0,0.0857587046986927,0,0.00496876702973997,0,0,0.0148323578239617,0,0,0,0,0,0,0,0,0,0,0,0.0438403400575261,0,0.0197274263231726,0,0,0,0,0,0,0.998786920887069,0,0,0,0.00496876702973997,0,0,0,0,0,0,0,0,0,0.0197274263231726,0.125839353979335,0,0,0,0,0,0,0,0,0,0
0,0.999878676276387,0.0112219755603679,0,0.22570534400465,0.999999999987928,0.0112219755603679,0,0,0,0,0,0.014934578911528,0,0.26818671327521,0.162056720486725,0,0,0,0.989687058238206,0,0,0,0,0,0,0.00375473893977791,0,0.00749537981504994,0.0405354037449747,0,0,0,0,0.00749537981504994,0,0,0,0,0,0,0.0369192870900627,0,0,0.00749537981504994,0,0,0.00375473893977791,0,0.00375473893977791,0,0.284519335662911,0.526971352922024,0,0,0.896129153416895,0,0.00375473893977791,0.00749537981504994,0.00375473893977791,0.00749537981504994,0,0,0,0,0.00375473893977791,0.0654708897916547,0,0,0,0.0689798026321099,0.00749537981504994,0.00375473893977791,0,0,0,0,0,0,0.0441379428258717,0,0.00375473893977791,0,0,0,0,0.00375473893977791,0,0.014934578911528,0.00749537981504994,0,0,0.00375473893977791,0.0223180183852582,0.0259889589923463,0.971736717984814,0,0.0112219755603679,0,0,0.0112219755603679,0.00375473893977791,0,0,0.00375473893977791,0,0,0,0.0112219755603679,0,0.00749537981504994,0,0,0,0.0369192870900627,0.0405354037449747,0,0.0259889589923463,0,0,0
0.0226747542354291,0.999891465272489,0,0.108347591649165,0.479866476689439,0.884208405490592,0,0,0,0,0,0,0.0114023843015952,0,0.13850202089846,0.491660376500114,0,0,0,0.999855429476746,0,0.0114023843015952,0,0,0,0,0.0114023843015952,0,0,0,0,0,0,0,0,0,0,0,0,0,0,0,0,0,0.69308752217259,0,0,0,0,0,0,0.0338185922752876,0.044835363991221,0.689547624884176,0,0,0,0.0557265182422864,0.530872519456537,0.257821232003963,0,0,0,0,0,0,0,0,0,0,0,0,0,0,0,0,0,0.0226747542354291,0,0.044835363991221,0,0,0.177127596369179,0,0,0.0557265182422864,0.0114023843015952,0,0,0,0,0,0,0,0,0.985801048511843,0,0,0.0226747542354291,0,0.0114023843015952,0.0114023843015952,0,0,0,0,0,0,0,0,0,0,0,0.0114023843015952,0,0.0226747542354291,0.0114023843015952,0,0,0,0
0,0.993215934446613,0,0.185058112555626,0.558930971304808,0.875979997355095,0,0,0,0,0,0,0.115544505007427,0,0.788863912182781,0.654968670031246,0,0,0,0.751308376485255,0,0,0,0,0,0.335869720088602,0,0,0,0,0,0,0,0,0,0,0,0.0785948054387776,0.436161672356715,0,0,0.185058112555626,0,0,0.576618486195674,0,0,0,0,0.0785948054387776,0,0.994471380813376,0.335869720088602,0,0.249108311643227,0,0,0.335869720088602,0.115544505007427,0.9381524763936,0,0,0,0,0,0,0,0.115544505007427,0,0.279220169550205,0.69483514426454,0.834836362463532,0.0401014665282468,0,0,0,0,0.308124497795223,0,0.853920113207909,0,0,0,0,0,0,0.0401014665282468,0,0,0,0,0,0,0,0,0,0,0.0785948054387776,0,0,0.362502318278864,0,0,0,0,0,0,0,0,0,0,0,0,0,0,0,0,0,0,0,0
