,MALAT1,MAP1B,DPYSL2,HSP90AA1,CALM2,PPP1CB,STMN1,SRSF6,HSPA8,DDX5,ACTB,NFIB,MARCKS,TUBA1A,CALM1,HNRNPH1,H3F3B,GPM6A,TBL1XR1,HSP90AB1,C6orf62,ACTG1,GAPDH,YWHAZ,SRSF3,RTN4,UBC,HNRNPA2B1,TCF4,ANK2,TSPYL1,ATRX,DST,MATR3,PCDH9,PAFAH1B2,AKAP9,UBB,MORF4L1,CCDC88A,TTC3,CAPZA1,LUC7L3,SEPT7,ARRDC3,HNRPDL,EIF1,ARL6IP1,EIF4A2,NRXN1
GSM1658365,4416,20043,13750,2390,1185,1907,7170,657,1595,209,1292,477,774,7670,1671,430,106,1173,89,930,568,997,861,1719,957,1395,595,299,380,1944,1324,1313,494,299,11,896,410,710,392,399,655,24,83,288,145,292,12,813,56,447
GSM1658366,7309,8375,60,966,270,234,3403,369,40,1488,166,3827,1946,2438,736,1478,657,1451,269,218,0,51,601,95,841,728,362,963,1964,663,0,444,0,114,0,151,1632,72,129,17,211,143,167,0,2566,783,775,12,351,248
GSM1658364,8719,7446,260,1694,1020,449,5755,3077,1,389,346,130,784,5091,302,1420,2,237,3138,133,0,155,129,1027,6,574,8,1859,1049,1551,0,0,0,887,0,0,866,1133,1,398,31,1314,111,1,0,1406,8,447,1995,14
GSM1658363,4854,11016,5573,1886,1134,2110,3646,18,390,413,1391,664,958,3721,315,105,710,1393,402,299,782,1219,672,429,846,0,485,1876,526,1371,345,1437,0,35,0,415,185,587,122,12,223,0,756,400,847,91,351,1149,309,38
GSM1658362,4565,14940,5274,1113,2187,1697,4347,98,979,485,515,0,2224,5073,1366,420,371,769,22,388,461,546,634,488,25,793,345,1389,103,2454,442,363,414,385,162,2,1053,343,144,73,1006,925,352,528,288,702,540,1542,230,533
GSM1658361,4733,10164,2390,648,539,494,2617,1025,746,8,1007,4553,1624,2024,764,723,1188,366,12,153,0,315,158,752,405,5,14,0,49,13,1285,479,0,1288,0,765,395,411,0,449,1041,74,57,338,0,317,18,54,0,109
GSM1658348,4007,11842,6547,1713,1550,1744,4314,1850,769,784,988,572,1227,3832,1060,490,67,1163,1671,265,1072,1057,418,360,559,669,390,651,382,384,485,667,511,456,0,432,691,434,491,150,358,0,311,276,869,215,146,971,481,361
GSM1658350,7858,4838,5979,1684,402,1465,2394,518,552,15,996,1593,892,3788,345,611,220,1025,1184,657,1260,381,151,1666,116,565,345,242,30,1100,644,329,266,1524,0,706,1294,101,414,113,1123,0,917,97,2052,378,282,166,694,39
GSM1658351,8109,22216,4090,148,1567,1118,5029,80,308,1359,3079,2249,1599,3972,567,444,366,426,238,1044,0,1082,900,572,1053,2180,1802,680,418,723,1080,975,925,522,0,1603,291,443,94,1126,1957,0,507,747,2740,127,149,248,1459,563
GSM1658352,5160,21624,8265,1190,2431,1196,5364,481,1739,592,2612,2865,2575,6533,2026,315,343,538,1075,1812,857,2693,843,1626,389,938,1023,293,150,2541,1038,435,217,373,474,341,885,428,464,404,302,327,837,396,522,95,197,1589,682,869
GSM1658353,7032,11752,5328,1782,1646,1233,3957,615,712,837,962,1777,1333,3689,167,827,553,362,1162,366,887,1652,676,991,1810,114,200,8,1075,2066,472,500,147,2,0,0,1016,326,257,282,509,34,338,449,2189,102,436,48,146,579
GSM1658354,2965,7533,7706,1034,627,1426,2032,1654,202,10,586,2381,490,1770,359,321,217,872,1300,175,1672,976,196,421,374,749,111,57,709,694,535,267,1064,164,181,188,846,292,385,318,125,178,790,0,1367,389,413,342,373,388
GSM1658355,2550,411,2271,2424,1146,627,1420,3119,976,436,1347,867,2874,1843,287,654,778,199,1482,544,0,876,1127,509,1033,274,303,140,387,17,675,856,821,861,531,378,254,232,292,555,669,720,73,618,1489,347,404,64,42,416
GSM1658356,2699,8080,5528,1714,1416,986,2429,1548,437,1045,163,3888,516,1804,1008,574,79,852,320,644,0,459,68,301,317,619,186,355,407,564,261,297,441,295,79,371,927,362,688,253,509,215,162,175,239,60,949,380,674,265
GSM1658357,4235,3231,177,1652,1691,737,2419,3246,1556,209,1714,0,1858,1328,14,397,639,61,0,751,990,498,0,303,214,403,236,259,2273,17,603,27,334,70,0,392,1770,46,262,46,580,934,34,234,583,21,63,154,678,587
GSM1658358,4775,8652,4512,1551,1111,2392,2620,1297,486,20,580,1778,1216,2395,118,423,74,1176,863,885,560,787,134,614,431,329,57,437,491,1054,1,1191,839,331,16,169,1120,134,673,272,480,39,363,16,77,87,300,149,512,101
GSM1658359,6543,5563,2490,3622,2359,1206,3262,1,1765,2,253,2,2600,887,23,540,1059,212,3,791,31,133,608,17,232,966,518,225,194,3,29,1,35,207,0,1921,1162,642,2,20,929,312,391,1152,881,37,137,554,9,72
GSM1658360,4662,6652,1951,900,908,2059,1591,1394,31,129,330,2079,1522,1202,5,780,365,12,35,1391,691,274,0,5,1805,1875,21,1029,1410,25,122,46,1669,268,6,0,1028,224,31,914,1319,332,930,340,86,1267,219,76,545,208
GSM1658244,3675,11876,4659,433,1247,1394,2917,1021,1389,440,1754,2461,1118,6881,480,514,189,644,1250,1171,464,1547,548,1059,408,1079,488,452,1827,1682,319,577,0,681,507,87,767,321,327,13,1135,18,153,153,286,515,407,563,665,11
GSM1658245,2782,11891,1350,770,55,1533,1308,151,0,411,73,910,829,639,761,643,8,267,1,76,0,153,1,6,560,2143,47,312,349,1260,605,146,832,125,31,1,349,0,51,877,561,332,239,47,139,101,0,168,332,630
GSM1658246,3854,13974,6643,2085,1670,2300,2335,949,701,922,2148,1162,884,8334,2050,443,208,2852,266,1347,919,2869,462,1499,787,1441,637,240,391,497,717,162,144,1342,0,828,973,270,270,298,1021,0,683,174,379,400,195,66,1066,551
GSM1658247,3246,12642,6097,1481,1509,3392,2777,1541,1502,1110,2394,1679,1241,7573,1747,1564,584,2644,1445,1184,1077,2573,1120,797,20,1239,702,357,1893,546,482,990,118,498,0,1616,1350,515,417,583,600,362,954,315,815,707,517,67,915,450
GSM1658248,8440,11047,5715,1927,1727,3603,5340,2707,261,1499,1613,5263,5547,5064,2833,2590,920,343,327,1192,505,1250,286,1649,1005,365,823,990,164,1153,564,319,296,1337,1761,1344,18,318,1233,1670,60,402,875,430,1604,667,236,187,884,1423
GSM1658249,5482,12431,4706,4005,1604,731,3081,730,1493,419,1414,2141,4086,5210,1215,1704,1570,1283,1152,1509,2843,2124,559,1043,921,250,738,606,1371,1245,567,801,323,0,273,723,746,260,501,109,1049,232,762,294,1177,277,564,185,976,798
GSM1658251,4420,11110,4378,834,557,1059,1546,1439,453,915,740,3705,1490,5634,1650,985,1404,1567,898,640,595,1289,229,1145,377,1061,476,804,332,1823,39,544,0,993,12,847,886,145,334,164,1220,470,130,298,1607,20,267,431,726,66
GSM1658253,4140,6080,3557,1184,1349,1066,2517,629,1,1770,323,2908,1125,1806,1465,827,118,353,894,364,1729,624,325,663,564,16,338,373,187,186,148,854,1130,652,367,120,446,194,712,330,1063,352,858,156,735,42,546,59,528,1251
GSM1658255,5076,12786,4620,664,1839,1665,1846,1626,709,627,1449,3,1808,4648,1460,1806,1330,337,1033,792,2616,1384,378,1215,993,759,1108,513,0,1855,770,1113,322,1011,750,677,585,340,627,713,99,212,434,134,0,1175,447,291,287,348
GSM1658257,2704,16605,9311,2787,1161,3226,3724,2945,2408,2327,1354,6359,2767,10001,927,1265,397,1476,558,880,1271,1418,428,1944,981,594,789,695,1419,862,694,274,342,808,557,1297,415,236,827,475,728,231,206,954,949,223,1038,669,1406,0
GSM1658259,7952,17797,4418,1874,1053,2136,2771,1345,1659,2370,1564,3302,3503,7396,1405,1217,1926,1698,1343,1151,1143,1479,902,1357,603,1442,1162,643,1209,652,979,756,744,1249,1,1169,386,587,307,462,945,239,509,225,3004,559,252,438,133,259
GSM1658336,6116,12914,9216,288,1495,4167,3014,2820,2351,2728,2542,4979,1634,8564,918,1848,1633,2507,1719,1006,387,1848,859,1604,290,506,1135,1312,580,334,567,510,351,1239,91,620,261,659,525,327,682,199,14,222,1,1015,463,405,309,78
GSM1658337,9405,20233,14897,2945,3045,1384,4396,2814,2036,752,7354,5804,7487,9754,2250,1255,829,1207,1679,587,5358,1832,1176,3752,545,1773,1550,427,1176,626,1300,2819,0,4049,0,333,9,922,684,55,1313,418,5,375,2024,207,424,25,7,1
GSM1658338,3267,8823,2496,399,520,482,2218,443,359,59,385,1,901,1567,221,210,92,298,471,217,470,360,43,534,74,104,195,258,452,928,426,551,52,127,0,213,376,26,228,103,203,250,71,29,113,210,77,193,263,373
GSM1658339,3704,11683,5489,2029,1629,1128,4566,1015,1446,1432,1217,2805,1439,4198,605,514,484,880,927,579,912,1762,255,1821,916,367,676,778,1193,925,1274,829,517,515,1634,710,722,395,510,386,53,0,690,448,1304,94,420,1260,850,618
GSM1658340,3464,21852,6388,672,1112,2893,4501,1205,610,388,1423,464,891,4799,702,410,93,1095,801,239,1170,835,69,1682,318,461,0,435,809,1678,754,1018,653,283,576,35,130,436,305,1410,730,0,3,298,1,520,230,768,311,1675
GSM1658341,4053,2631,4010,829,1,3260,2099,1703,108,666,327,2911,685,2261,16,684,596,41,206,623,0,426,0,53,2569,367,2,1228,1020,175,243,1010,218,63,18,1,310,433,642,151,32,1170,306,5,0,0,228,0,2,0
GSM1658342,6153,11215,4372,794,1477,37,8346,1438,921,1038,1699,45,1932,3603,180,605,1,172,66,1210,5,500,371,1004,1,529,210,182,302,1211,0,762,5,369,0,3,1351,899,383,114,45,504,396,612,2,143,264,319,384,15
GSM1658343,4836,15314,8468,479,1779,443,5861,1201,1592,996,166,275,1287,4140,155,206,169,1011,83,251,125,999,391,1149,287,1191,459,23,866,1787,444,659,229,574,63,326,113,225,199,676,862,203,536,174,78,90,72,165,14,668
GSM1658344,1709,8087,4257,1230,668,87,5160,257,760,145,1174,24,116,6829,482,24,81,547,47,841,776,717,170,387,106,346,735,11,249,465,214,255,298,281,0,237,22,859,350,39,297,92,405,90,97,122,367,384,341,133
GSM1658345,7729,11149,67,1898,1769,60,3796,506,910,1183,1248,1703,1093,2223,107,734,0,1864,0,446,88,867,544,19,150,2806,188,474,5,49,283,95,6,440,0,304,86,800,660,364,1631,0,178,9,428,851,6,0,228,430
GSM1658346,7183,5873,1347,2171,1557,1172,4546,1797,2163,453,1355,1202,1686,2955,319,121,558,389,769,522,122,1751,1296,736,460,276,735,60,355,266,676,571,75,543,0,292,558,438,217,445,289,35,273,216,0,586,48,1123,116,42
GSM1658347,13003,7298,266,12325,1397,3147,2879,77,1383,1200,1778,1582,1508,2998,284,569,927,97,1137,1413,0,992,1959,1209,1808,1823,1053,354,289,2,406,142,96,525,0,8,25,1706,580,461,239,2065,220,362,0,369,869,331,134,4
GSM1658349,5289,10522,6664,3432,725,1009,2681,4506,952,1917,3072,2156,2223,3562,607,876,828,2812,1063,985,2379,1812,531,1798,543,112,168,240,713,346,878,27,71,641,0,1567,1382,386,625,1196,1431,11,1008,258,1597,1458,658,671,478,222
GSM1658262,7082,18768,6473,493,1740,2928,3285,3941,529,1801,2357,4864,3863,10935,1322,2364,1107,381,2016,825,2471,952,825,1773,1484,1225,1634,511,1229,3005,489,352,217,314,1092,1342,578,107,269,352,1445,655,684,290,18,485,187,158,692,234
GSM1658264,7519,8780,140,343,111,1996,2566,2331,2950,1555,2780,3597,1370,3857,20,858,1381,89,3303,1520,1018,1054,1130,56,2117,5,1971,0,5391,399,2,806,166,1881,0,738,696,1116,175,3216,210,1416,481,260,5,2311,13,67,172,405
GSM1658266,4922,15944,8121,1838,2421,4442,3386,1170,428,812,1604,880,3198,9221,567,1588,1808,1141,1019,390,2263,1999,329,1263,1459,1444,975,1192,1232,491,913,981,820,121,1225,435,1698,297,478,1215,619,143,578,296,5104,304,518,189,946,761
GSM1658268,4612,5405,2004,813,464,1210,1153,1187,1148,804,797,3938,1683,3422,1433,1077,821,1264,229,1707,979,1074,152,989,34,48,501,423,139,650,302,527,299,817,382,1040,401,140,450,561,871,242,1100,409,550,744,535,428,510,487
GSM1658270,4127,9259,2801,2858,780,2056,2129,1579,1600,2371,179,2434,2122,3428,1489,845,420,1053,1063,713,1352,686,230,239,129,1019,860,77,55,1199,458,573,47,897,649,25,755,229,599,467,238,326,748,243,389,782,125,175,580,702
GSM1658272,8167,9710,5523,1379,1481,1829,2660,4969,932,1626,927,4120,4206,7987,1203,2203,476,1750,2872,834,858,1000,153,1051,513,572,2,252,3877,931,924,833,49,764,528,719,511,205,556,524,949,235,869,563,0,320,320,112,257,636
GSM1658275,4316,8083,6072,443,3470,3423,2563,533,683,3595,1495,6119,6192,6996,1074,1708,2855,3074,1222,732,81,972,698,2503,1167,548,105,91,607,0,698,2164,0,1281,6,866,1176,18,581,0,1133,316,409,137,0,1052,1033,1141,673,45
GSM1658277,2881,1962,1166,1481,370,0,591,1510,475,1079,211,331,152,759,6,164,980,2,278,854,117,267,1,573,852,140,207,67,1096,446,298,609,24,437,236,571,170,47,82,313,365,50,8,29,1,43,74,0,0,757
GSM1658279,4892,7449,3854,1026,1326,2193,2656,2385,859,1282,1003,3481,1549,7753,829,1019,1693,1262,1730,1178,330,1343,537,990,445,394,989,91,978,1405,596,1254,256,370,86,1071,893,285,257,150,494,5,83,481,14,325,463,42,532,307
GSM1658281,5036,8722,3401,1660,1997,1173,1893,957,653,1727,607,3670,1194,3621,1692,1346,527,170,314,1111,2450,1036,324,1000,571,200,505,1100,415,598,835,1549,223,511,852,304,232,665,628,693,646,263,1051,254,539,741,275,6,494,367
GSM1658284,2929,5492,3022,1618,1143,1094,2570,2199,1119,972,618,3160,1066,3729,749,1107,51,952,1065,929,1181,587,10,489,559,401,342,776,35,1391,417,1980,797,1184,425,1132,1447,356,485,936,1312,852,549,220,24,400,172,225,40,369
GSM1658286,7520,16456,6275,1432,1218,1485,3167,4692,1715,3196,1611,3410,4073,10393,678,1963,849,3113,689,850,1112,761,803,1776,2663,678,1013,1093,1536,1138,605,1324,1,863,0,937,838,361,286,52,134,800,456,320,297,476,352,775,8,472
GSM1658288,4558,1843,3548,1271,189,297,1044,2101,521,392,862,454,559,1473,59,440,412,218,373,872,508,162,123,1151,1,120,333,506,476,554,134,1304,269,688,0,783,489,467,86,661,109,433,76,508,548,311,183,61,2,1206
GSM1658290,4299,8441,3929,499,1620,1606,1211,552,1484,1113,1581,444,823,6627,919,469,444,970,558,1001,998,531,601,1124,0,535,81,265,961,1871,251,343,361,776,1020,713,549,116,230,157,947,274,767,330,649,382,192,282,1300,206
GSM1658292,10602,13062,9012,1808,2514,3985,3450,2719,1015,2316,1639,2998,4922,5741,684,2417,1290,2269,1821,1350,1085,1041,320,2252,1517,653,191,1130,1887,561,1183,2077,142,978,361,1122,892,433,997,1224,908,429,683,455,1271,399,644,160,540,623
GSM1658294,4701,9291,3858,3016,1450,1968,2727,1358,998,629,797,2707,2554,3909,1735,802,1095,689,927,1044,1443,493,179,1324,1241,318,802,1051,4,480,1020,210,447,412,913,540,232,162,502,281,150,453,1059,490,1282,882,104,259,427,397
GSM1658297,7159,3861,2290,1183,1352,1508,2540,776,495,212,700,41,1166,1265,76,887,688,53,15,67,1306,1108,338,431,538,252,274,47,1120,2,0,190,1,1021,1,993,841,140,505,935,1906,430,919,415,1564,605,235,319,331,0
GSM1658299,3545,26441,12197,2313,2630,2051,6001,862,1949,837,2585,2096,3048,10961,898,1699,350,1208,1218,1179,1797,1812,583,1135,529,1168,1349,823,527,2253,601,957,285,1858,1038,835,1344,522,443,1236,456,538,152,364,1360,170,368,499,1360,390
GSM1658301,7148,12698,4533,896,1125,1725,3428,3537,76,1157,2096,4566,2067,6532,1607,2185,2117,785,1208,597,2306,882,326,1551,615,357,614,56,2174,500,723,813,1384,819,133,378,461,202,825,1,436,224,865,125,1146,357,545,325,232,1840
GSM1658304,3694,3139,64,557,42,1494,337,2017,0,2,6,2185,96,1230,0,656,115,12,657,0,570,600,3,756,316,184,764,400,40,11,0,75,0,1421,0,0,45,26,1,2107,1,2421,539,10,0,47,0,0,0,0
GSM1658305,5847,14663,10580,1445,2308,5843,2020,3404,971,1326,1628,2503,3288,6111,3608,953,906,1108,0,544,1,2519,746,2410,0,310,302,804,1196,281,994,2016,0,1270,219,245,789,1150,47,886,665,1322,43,52,0,628,226,1217,815,336
GSM1658306,9154,8221,549,206,127,4154,1192,990,1,127,695,2631,2620,2896,407,1295,3251,134,1,20,187,1360,1,1115,1894,733,57,31,2148,0,65,1554,0,561,1893,0,1,235,0,3731,26,120,415,208,645,258,308,0,1068,9
GSM1658307,5742,17273,16633,1683,2482,4532,5086,1818,384,1793,4791,3828,4599,12829,2409,1872,1673,2067,558,823,956,2616,1121,2506,3620,2591,1494,428,1577,490,829,2210,0,128,0,1107,1417,193,1085,400,2738,1209,9,762,556,487,313,895,841,67
GSM1658308,8757,12058,4941,2109,1315,3371,4423,1095,1219,2841,2816,4262,5298,11205,679,2940,1286,1845,1720,1344,1518,2612,1345,1677,976,1221,95,110,1701,0,32,19,2366,202,58,925,11,517,428,796,2557,1928,104,1279,2356,1097,175,176,6,546
GSM1658309,6548,7206,1825,315,466,2627,2417,3125,1439,516,1435,4457,3998,5443,78,995,2556,468,1136,501,1372,1199,1022,933,811,1219,478,188,382,4,0,213,829,85,214,510,2,9,419,608,891,0,1,17,127,1616,148,5,1,152
GSM1658310,9177,14890,7082,519,1878,2519,2257,1838,1025,1658,1539,1032,1102,11357,731,1009,416,325,890,226,3155,1227,222,1830,489,1701,1258,701,114,2439,778,182,0,333,1603,1564,999,210,540,139,1194,926,226,204,1129,775,85,276,10,383
GSM1658311,5551,4114,402,320,1865,296,2024,771,87,1212,8,2552,1532,952,631,389,262,1376,19,44,9,28,0,18,920,50,552,434,20,152,344,270,1815,917,319,250,348,26,195,58,357,19,205,1158,181,8,127,380,467,528
GSM1658312,4819,11853,7267,140,904,1917,2692,1081,87,241,558,275,476,3104,72,310,327,1590,1894,517,1332,1385,85,1627,622,795,358,114,667,995,411,334,3,0,0,1182,332,213,377,123,170,320,189,170,107,645,87,0,226,44
GSM1658313,7296,9134,5011,1220,1712,2198,3053,1390,372,1085,741,3218,1489,3021,456,1240,1929,808,814,567,1511,540,105,1442,189,589,482,1514,1133,764,386,910,526,489,154,532,197,372,526,795,1086,840,376,550,689,408,621,393,453,115
GSM1658314,6104,7474,3420,1033,1329,3956,1597,932,0,168,1552,1032,1928,3802,760,950,655,725,364,186,757,1430,383,1879,473,785,127,1070,1694,1519,738,1659,354,333,24,637,1177,71,159,2,385,1379,342,287,363,217,265,139,142,1
GSM1658315,6548,12470,2217,804,3647,1092,2768,498,172,1309,3119,1284,3468,7109,2057,1538,889,493,3297,33,2518,1742,282,2053,730,20,873,87,1811,64,590,694,0,379,0,2281,319,163,1416,65,370,1477,0,158,654,94,151,90,1,143
GSM1658316,8265,1855,1392,1,1484,1564,630,1639,59,28,165,3572,230,297,247,615,238,204,1319,249,1133,307,1,8,295,1,2,77,438,1637,696,841,2,0,1174,426,4,21,1,113,184,713,568,191,1001,732,273,0,0,0
GSM1658317,5601,16663,8053,882,2060,3807,4583,1602,833,1420,2553,4501,2120,8545,1617,811,1618,1323,250,1412,1145,1627,598,2154,2386,1070,1579,332,600,1823,364,693,53,634,883,2177,2888,134,1081,968,1658,480,334,321,1240,878,600,619,869,812
GSM1658318,7782,5807,2991,427,1153,620,1231,1135,342,455,1287,943,607,3172,320,751,1274,593,499,173,221,654,133,1086,195,748,207,112,1303,338,243,359,279,744,687,199,1270,27,272,405,434,142,534,570,177,251,89,116,44,253
GSM1658319,7271,13071,2941,1404,1648,1581,3554,2007,573,969,1379,2743,1198,4326,279,1531,94,269,1260,497,707,321,0,2126,0,755,822,85,224,707,1334,2629,0,584,116,349,310,625,638,13,1261,0,85,1246,598,574,210,356,1,593
GSM1658320,6082,3106,2340,89,0,282,1867,491,0,2,238,1385,1403,863,278,200,1399,62,563,535,1627,30,187,3,16,888,322,373,2877,15,628,7,760,71,435,1618,855,11,1,1198,317,1488,292,119,2130,82,134,0,647,816
GSM1658321,4400,8797,6784,1690,959,1453,1857,1456,943,698,1769,2062,1903,6075,708,297,1328,312,1406,719,423,363,467,747,562,5,620,98,637,430,390,328,9,398,0,1172,3,184,235,118,617,56,656,118,740,39,304,247,39,594
GSM1658322,5405,11865,5010,50,2703,538,2735,970,1209,2207,1734,2176,1392,6881,360,507,860,886,704,876,1810,812,1055,1965,8,380,410,15,619,1005,336,205,2,116,219,460,57,102,490,600,1596,1688,933,355,782,474,172,0,138,221
GSM1658323,6800,19856,5853,3312,3454,1712,3333,3063,1186,2101,2849,5830,2980,5390,2069,1317,2165,1348,1123,1271,2354,1691,604,1361,822,194,1284,1619,300,175,658,996,770,1243,0,1478,341,900,862,1611,1230,452,108,948,1,190,890,355,226,166
GSM1658324,7537,4685,737,28,2,1454,489,1070,751,147,723,3791,154,2077,64,1020,1147,119,1848,46,822,767,174,110,132,905,211,60,1777,334,389,400,1,2463,1617,293,902,9,179,302,1291,265,33,247,0,347,75,27,1,0
GSM1658325,3036,3113,2977,463,689,928,556,418,2,1596,736,409,238,3261,516,319,443,41,27,256,516,533,323,518,128,1389,397,443,423,940,204,217,72,320,1254,773,272,325,47,181,205,59,52,43,562,209,255,157,47,112
GSM1658326,10943,7626,5239,1293,1523,5552,2595,1305,129,593,741,2744,1827,4405,58,1362,27,490,594,39,3256,664,458,1256,8,346,64,6,3223,1944,84,473,1,939,487,395,671,545,913,5,232,130,1011,65,2468,120,3,0,277,223
GSM1658327,7745,5965,2495,2106,2706,3883,2591,165,435,24,727,7407,1639,1708,1804,1631,486,1403,2072,946,48,298,40,1933,717,1439,364,127,79,1587,1267,1137,630,453,551,525,294,814,1173,479,337,245,1772,938,849,498,992,222,413,687
GSM1658328,7576,13294,8017,1753,2562,2750,1852,1756,1739,4487,1327,3045,1520,7747,1220,911,1561,159,1326,1284,2474,1384,1240,2014,116,488,381,765,4212,1423,833,1246,409,53,483,1329,2071,145,854,663,691,150,167,382,2,519,642,986,537,282
GSM1658329,4815,4590,1446,407,19,5274,909,1373,71,1,1130,1112,3136,1563,5,561,1355,226,65,66,1,1515,99,1683,61,330,547,56,734,1,151,971,622,179,1,904,1649,923,241,216,663,307,312,1094,5,2855,329,708,0,450
GSM1658330,5379,10325,6802,311,485,672,3162,934,598,1122,768,2756,2017,9162,748,215,630,3212,1544,90,312,1351,481,827,590,237,126,1047,637,1272,222,962,209,1232,0,0,2397,335,323,55,722,600,596,354,736,448,331,45,2157,131
GSM1658331,4805,2203,25,492,7,299,1059,347,0,4,344,1652,124,164,53,233,1325,205,137,1,910,98,391,151,160,1830,110,0,919,5,0,410,544,0,1118,146,705,8,71,270,43,497,251,35,1987,136,95,155,65,146
GSM1658332,6308,11372,6219,964,785,2683,3040,1393,1444,1769,1911,5561,3633,6547,1997,1813,1519,376,1599,596,1367,1164,557,2314,15,3,697,1530,754,776,17,789,0,1353,117,1574,177,341,1585,8,13,251,85,158,1139,0,0,0,1,2
GSM1658078,14796,225,4949,1549,2452,982,190,151,1927,1006,1147,1286,1841,628,390,264,525,6996,877,445,1771,1622,1330,63,290,796,365,827,1105,627,726,493,3782,381,1399,162,833,379,712,645,26,1135,545,697,0,248,350,2737,258,1920
GSM1658079,21216,0,4903,1749,1723,1779,0,3380,2259,1450,800,1312,1785,1420,801,969,2880,4212,860,1015,2354,819,1730,902,2991,347,922,1349,610,1050,1754,260,6583,946,1643,77,395,56,457,2362,244,1423,171,1369,2487,184,919,253,445,1629
GSM1658080,14764,3857,4536,5441,3405,1890,2629,746,2093,580,2147,979,140,4541,3750,1213,1123,2264,343,3021,606,528,2174,2675,254,654,1287,1906,754,1166,2466,1091,499,855,682,2933,1478,1586,1462,1062,1377,856,409,1564,0,850,360,3022,1511,1770
GSM1658081,7624,37,1028,1301,721,622,238,304,4091,1089,3382,348,251,965,147,71,726,1573,118,30,46,860,3457,12,511,708,2843,87,1455,204,148,16,2717,303,279,0,35,680,154,268,3,405,235,113,0,19,623,201,193,43
GSM1658082,18643,2048,3890,3341,3126,3792,0,3273,1528,2462,802,3493,1279,44,1756,1280,730,6890,1462,201,1439,681,2350,781,3869,353,1053,1304,1388,1882,581,107,4590,1932,3223,3,176,939,687,69,156,1221,300,1778,0,93,692,336,1414,2010
GSM1658083,6796,22,632,6264,26,868,1,30,2000,1079,411,3,553,1,344,128,1427,2,1,4180,0,34,554,114,2535,5,916,154,441,0,235,3,124,2,0,140,26,1937,129,26,1,1030,157,3,2,347,2034,1355,294,0
GSM1658084,6788,5561,939,768,1554,1398,2007,431,956,317,473,0,536,480,871,152,51,1304,261,823,296,379,639,689,318,707,424,202,140,777,1752,498,147,525,414,67,332,435,246,237,267,169,89,354,144,119,140,769,511,464
GSM1658085,6485,3550,6354,2315,1167,3641,0,831,1763,488,996,1,0,1085,2024,759,357,67,387,681,1,563,760,84,2732,868,2079,926,25,3,145,4,9,120,3050,2,17,1958,610,829,3,735,4,1023,2517,78,816,378,14,0
GSM1658086,6081,26,6,1130,345,1225,684,954,80,744,2,2,0,1,355,1094,1021,15,890,399,7,3,11,688,795,151,254,170,1041,1,83,5,73,135,0,1,13,436,1,19,2,315,1687,0,558,321,945,295,457,0
GSM1658087,5194,3813,1416,812,1992,1651,610,792,349,549,505,114,2,344,1485,363,285,853,696,1112,339,437,1010,397,139,689,890,198,780,363,1055,328,254,354,370,313,90,363,256,188,162,413,260,633,674,480,110,627,465,167
GSM1658163,4233,5142,3432,1429,977,1684,86,58,1204,742,790,950,1308,545,2220,870,770,389,607,1003,500,622,1156,1426,238,1091,599,250,1433,985,933,1062,573,1022,690,491,538,327,478,220,685,344,73,134,141,411,386,649,894,933
GSM1658166,10147,8467,3677,986,2335,4754,2855,631,1056,607,852,712,2109,1047,2909,1129,541,2299,1623,1924,1242,983,1241,2332,461,541,1215,129,1190,1312,4120,819,175,539,2323,516,117,418,724,131,528,0,592,1044,650,991,908,1403,731,355
GSM1658167,6588,5068,14522,3595,3238,4451,1104,2279,804,46,1200,514,26,4437,378,824,1605,1,618,323,2863,1023,1600,494,1798,1668,469,631,838,717,1,126,696,103,2744,233,10,1348,608,305,980,70,115,1397,1949,1082,1645,534,926,0
GSM1658168,20962,508,4632,776,4492,1773,9,1637,2271,1790,761,2426,1594,838,622,1445,657,6416,2554,106,1027,2700,2689,1381,323,872,1510,1209,1083,904,494,544,2081,109,914,0,1385,1025,74,521,66,2121,97,668,1333,204,843,1396,65,1047
GSM1658169,12274,4581,1900,1638,2912,2527,3579,2177,896,445,632,0,901,61,1416,1422,791,1612,1118,1014,231,597,513,303,688,1572,133,691,224,676,2514,1629,592,1220,1818,294,1034,655,476,418,720,980,1581,632,155,269,201,1010,681,770
GSM1658170,10765,12046,5171,1928,3479,2841,1422,1346,2087,1471,1208,943,1236,2383,2105,1001,1408,1803,1401,1542,815,1695,1653,1761,642,1141,986,1098,578,691,2682,1592,824,825,105,1088,442,692,951,262,688,1181,379,299,312,595,669,742,1207,608
GSM1658171,24409,6734,1015,698,3513,3748,2606,97,1414,1133,615,1,784,254,1688,2539,1411,674,2,627,194,55,1278,632,1257,2377,21,576,400,1907,1893,1095,2081,723,1509,21,68,230,402,1346,1331,2202,2854,205,233,615,7,483,665,62
GSM1658172,5512,2279,2338,3024,2125,928,1862,1813,709,923,651,702,32,483,2293,194,870,851,808,1875,136,891,1773,907,188,621,1217,821,864,987,2098,1079,267,1402,0,1105,339,989,692,308,691,377,124,246,1647,354,377,666,1598,591
GSM1658173,13480,1586,6891,484,2485,3265,1762,1,91,1454,4450,0,2,2598,378,2097,1192,3,2242,2637,0,2024,914,157,141,381,1209,658,3,119,641,7,1628,439,2263,863,435,1642,625,642,230,175,3,1883,0,550,1125,1782,301,1
GSM1658174,21392,272,1502,218,2374,2486,224,259,314,977,867,1740,753,175,97,1072,105,4743,2296,16,1186,633,869,106,0,328,139,725,522,1048,413,3,1179,0,2004,4,35,467,486,1162,697,1064,408,841,0,158,176,257,452,639
GSM1658175,12888,964,504,1857,2338,2262,2615,2153,178,1009,881,215,584,869,729,2344,212,217,0,1149,917,497,902,1154,994,135,124,258,724,472,452,974,41,993,115,0,20,197,480,957,35,179,845,22,13,752,0,2870,557,340
GSM1658176,14111,4525,2902,1637,1602,1259,1879,1264,954,1164,994,169,556,266,1788,511,184,1359,136,838,505,294,1057,1032,417,1410,424,890,427,414,2290,610,435,597,894,452,683,581,389,38,539,494,227,727,0,667,210,214,611,671
GSM1658177,8469,5819,3951,194,3883,2800,1054,1411,1136,1303,964,1173,1946,912,1220,1916,1171,1264,206,1314,848,1287,884,2165,734,1290,225,411,1373,738,2094,421,345,907,1125,386,412,530,695,447,562,269,1186,227,589,757,84,1408,1232,1263
GSM1658179,13765,1492,5532,3748,3393,6445,1350,4067,2481,1838,2956,1873,4067,2870,1542,2705,2346,379,2061,2122,113,905,806,1922,1788,271,1823,926,161,77,955,235,1065,445,3957,1631,778,1270,1080,183,1170,1170,144,1651,833,619,871,103,832,398
GSM1658180,9707,2789,6794,3384,1874,2876,2000,4022,531,4685,2865,0,1,4460,1034,2575,2999,1,1435,3639,774,6,603,2736,1449,2928,3403,330,167,36,19,348,2400,351,4087,0,26,4183,639,830,352,1213,8,1233,13142,1872,937,174,1219,2
GSM1658181,5503,5104,1103,2340,450,1241,174,106,1290,570,447,542,87,1235,615,595,164,625,874,595,555,662,510,465,230,506,495,146,601,113,889,763,416,163,301,455,232,231,380,490,399,99,12,92,704,190,266,112,363,280
GSM1658182,9866,6164,4281,2057,5114,6372,2706,2754,1286,1869,1819,780,4241,1745,1831,2231,588,3044,1685,1153,1388,1875,943,1429,1604,1086,1022,1590,1819,1661,4611,653,322,425,833,2060,237,741,971,458,443,394,1112,691,1474,280,403,560,1493,837
GSM1658184,13259,1,1292,2472,598,717,457,0,1556,1039,1358,109,601,1,1249,77,620,496,211,1066,29,171,1916,44,9,680,1383,348,134,52,358,401,2208,258,109,7,237,652,109,421,457,62,715,237,1,398,202,87,138,210
GSM1658185,8631,63,406,181,10,2,0,2,141,8,254,217,21,2,0,224,515,203,332,17,97,0,438,0,826,0,2,56,414,212,1,59,1135,670,0,0,1,0,0,54,0,50,26,1,14,11,18,0,0,1
GSM1658186,8883,3,455,698,79,107,1,8,127,2558,17,33,6,0,0,280,59,139,613,0,0,0,0,0,11,0,15,126,0,11,0,0,909,0,44,0,428,53,1,120,19,0,470,158,1,411,0,0,1,6
GSM1658187,8754,6,482,75,402,945,3,1018,619,9,496,1023,123,63,76,329,17,1310,354,110,935,52,1042,16,57,259,537,34,137,237,0,43,558,0,669,119,4,117,70,173,0,130,95,462,1,168,62,214,46,272
GSM1658188,2687,1,2435,10636,364,2728,0,3,3,1888,7342,0,715,6,1,40,56,0,0,286,213,7,256,18,515,1,454,1,0,0,0,106,0,1,0,0,59,601,1,670,14,1073,0,16,0,29,321,932,0,1
GSM1658189,4259,0,4,6636,0,3772,10,3,507,754,5325,1,1315,1,1,560,3867,0,17,1139,429,2230,1463,0,1,0,13203,699,0,0,2,0,0,4983,0,1,17,91,103,55,1863,2818,0,0,1,9,33,3093,0,0
GSM1658190,10162,3,3424,2367,427,755,18,296,2330,19,109,2137,1147,17,59,279,2092,2272,0,937,242,1101,1437,451,68,614,817,83,984,394,412,0,69,29,3591,4,13,1032,4,123,269,561,99,206,2,0,167,288,0,7
GSM1658191,9254,1,64,3322,315,2,0,812,1059,220,99,350,0,1,0,529,14,3,32,386,0,0,0,0,512,0,1029,466,1,390,0,9,515,1,169,0,82,268,1,0,1,0,86,35,0,1,0,0,0,8
GSM1658192,16449,1819,926,1525,2449,1340,1882,71,1400,971,343,3,607,44,1104,369,264,227,274,664,103,159,457,96,4,1182,1,253,185,1424,1721,1588,712,17,2128,2,434,929,317,67,519,52,884,1142,0,43,280,369,103,88
GSM1658193,19939,2,954,1949,1148,799,1,0,1203,516,225,70,47,0,145,751,463,2613,0,562,36,244,338,24,350,514,54,20,34,214,0,171,5946,1,298,91,589,0,5,191,526,28,353,271,146,125,0,27,166,486
GSM1658194,9427,861,42,72,132,279,147,552,841,8,27,285,214,48,754,480,138,252,149,0,1,23,326,48,727,64,91,14,68,88,0,121,200,0,161,1,111,121,236,6,114,4,224,0,0,66,1,91,223,209
GSM1658195,6082,1069,3271,1372,2309,1262,1329,372,1119,179,124,432,0,1326,1211,293,438,236,508,440,356,421,1120,562,55,546,599,1146,241,847,426,105,281,855,0,370,356,602,161,100,415,0,105,394,219,39,10,480,752,9
GSM1658196,11039,1,172,2381,159,353,0,2808,129,76,3090,1,411,17,1398,738,1833,0,52,911,1509,557,61,1092,484,853,942,142,126,0,113,547,80,17,0,0,1,355,349,863,746,834,1,7,2801,636,1018,972,283,0
GSM1658197,11203,399,1,1094,3,0,36,37,412,1,1,37,1,0,0,199,67,392,18,266,16,0,499,0,45,25,0,50,240,472,3,0,320,142,1114,923,20,2,2,245,0,0,558,6,2,88,20,575,47,2
GSM1658198,6306,169,14,243,528,1,823,3,36,16,314,188,2,0,616,2,345,477,304,81,136,48,5,591,0,205,7,7,86,261,5,99,286,43,5,1,156,147,157,23,26,0,108,330,7,1,73,209,623,105
GSM1658199,11272,4,1845,4834,17,967,0,669,1984,787,595,1190,227,155,289,195,2427,1412,1189,880,259,0,2,0,325,212,395,785,138,1018,79,2,1059,89,89,5,194,188,75,40,0,344,214,746,993,0,484,150,340,296
GSM1658200,9541,741,320,550,2169,1261,1576,80,30,244,547,47,248,523,570,198,10,611,541,819,1,891,143,662,241,155,6,8,89,654,12,0,191,840,439,3,566,25,12,0,393,17,1890,210,1,519,3,84,562,1026
GSM1658201,12832,0,4946,3252,2522,947,34,125,3383,636,1147,1969,784,516,455,280,1889,1690,0,1037,1669,405,3259,602,924,163,1498,496,155,585,772,472,1449,0,188,551,63,1358,416,552,306,119,28,784,0,30,255,1223,110,331
GSM1658202,14154,0,1763,591,1654,217,0,450,35,119,6,875,822,1,298,550,205,1857,750,274,1276,494,108,0,383,15,6,34,901,1733,0,168,1615,25,1012,18,846,167,161,41,410,187,602,2,0,122,34,208,0,1446
GSM1658203,6067,5084,2772,5880,2713,3435,1090,3727,2055,493,2606,3098,4773,3097,237,4529,1507,1773,555,808,2039,1031,1480,753,3754,303,1070,1297,1172,14,1328,336,29,602,608,1157,556,696,799,540,96,534,39,922,4092,435,730,801,667,332
GSM1658204,8038,6082,4891,4770,370,3455,1160,4282,2889,2499,2115,3854,3375,2229,23,3316,2537,812,2425,675,1062,2240,2145,158,2039,846,702,2402,121,260,482,276,5,774,455,1677,4,661,308,233,4,2273,164,382,2621,1754,585,0,2,281
GSM1658205,6614,2345,2690,1089,316,1393,1587,4491,7,2828,2345,1943,3075,1385,0,2174,746,36,123,2773,8,2024,16,191,927,483,0,280,1402,839,4,39,403,1123,1323,1094,690,552,1411,623,96,394,6,363,4,0,1019,391,1,60
GSM1658206,5284,7554,1083,2063,1100,2512,1195,3430,2228,2856,2392,1650,1296,2587,503,3215,2595,340,5,446,1311,1363,1398,986,2757,80,513,1719,266,49,628,870,220,181,664,509,150,785,414,717,696,676,57,433,1451,546,566,58,229,12
GSM1658207,6538,9045,1899,1413,1241,3338,2493,7667,1141,2868,1758,4250,7148,1400,156,6199,2177,2455,1808,1865,3095,636,573,10,4320,9,298,629,373,1004,1338,1072,0,2,16,1400,1934,1139,533,42,901,2,8,123,3523,199,494,5,2,2
GSM1658208,4103,4042,3148,2903,590,1449,434,2390,2,1227,839,983,2634,2125,2128,3730,377,1570,1086,296,371,195,290,385,1788,83,20,186,40,5,0,14,1527,1,8,2351,9,397,660,39,1,5,40,745,2317,61,1184,1241,33,408
GSM1658209,2302,2421,2382,1250,30,6026,241,3183,4385,3172,842,1663,4193,205,562,2008,1572,34,13,6,672,833,0,739,18,99,180,2346,19,206,445,18,2,1141,7,1033,139,176,374,34,103,5,3,697,3373,1188,181,125,30,1
GSM1658210,6166,4667,576,2095,443,2344,758,3656,730,686,287,915,645,1226,20,3410,433,1410,3669,149,72,542,782,297,867,204,356,329,303,318,383,2,181,292,5,647,109,416,432,0,987,147,1,183,2920,27,120,5,482,48
GSM1658211,7740,7034,1233,1877,647,2567,1712,4742,1553,2317,1324,4872,4347,1359,205,3093,583,643,1192,1257,1184,627,316,217,1296,1219,386,521,1681,157,1107,814,2,880,3,312,522,471,275,604,198,114,104,92,1799,28,906,190,122,623
GSM1658212,13705,9696,2242,2827,2589,8603,4768,8654,3442,757,2407,5563,6221,5373,1061,6246,1599,923,7032,1695,6037,3384,1374,3510,3263,36,1369,1684,1560,1952,8,600,1,289,27,3211,36,160,2720,1474,1971,2545,9,6,4162,0,2159,76,2616,3
GSM1658213,10819,8297,5150,3848,1289,7346,1177,2034,2061,1210,1232,2933,4034,2723,268,2819,1037,1318,1484,648,3740,1285,844,1169,691,223,23,1087,624,1655,1161,514,536,486,11,726,394,1097,652,64,240,599,214,819,1317,849,153,185,65,194
GSM1658214,9829,6037,2770,2173,818,8266,990,3063,4832,1899,396,1739,3834,741,1110,3722,1077,6,977,1653,1871,1032,470,549,1742,1081,223,712,631,5,1098,693,227,203,357,506,254,522,823,6,908,5,3,112,2149,556,870,430,104,81
GSM1658215,14436,10649,8014,9826,6110,13457,4288,9952,6620,2452,5086,4607,12864,5268,1562,6289,3291,922,1419,3092,4660,2127,2689,3461,2937,1736,522,3031,1011,1021,2227,393,416,1169,1284,1695,223,1842,1462,464,0,2380,129,1248,2849,562,2270,3619,1966,304
GSM1658216,8965,3595,1580,2814,136,1459,2396,796,675,234,2666,5686,4169,2644,1395,3586,3121,268,763,525,2122,1264,1141,675,1034,53,728,222,1155,20,1346,82,1456,454,22,2956,141,631,107,1624,276,13,9,88,81,307,223,140,14,65
GSM1658217,9464,1125,99,89,19,3644,2741,5008,7,966,3815,125,5682,2485,203,2894,3974,93,588,0,1,5,1,1,1824,1797,0,15,2994,21,5,4775,2,104,17,348,4,3,686,2,78,1256,6,437,334,1,1,7,3,1
GSM1658218,5348,4325,3120,3486,2767,8336,1778,6176,2346,1606,3277,3736,4715,1603,1946,3843,2293,562,1080,1700,4013,1859,1699,959,246,141,841,373,481,481,1620,1054,150,145,0,1481,646,378,799,528,1146,1152,1654,745,1955,475,1230,146,111,2
GSM1658219,4858,5385,2303,4035,1744,3263,2780,3787,1280,1467,2535,4556,2849,1414,101,4194,1037,172,503,609,2554,1192,721,18,1298,69,666,1414,831,533,191,212,1878,1103,0,502,0,607,618,0,407,1276,494,233,2743,681,351,193,591,94
GSM1658220,2451,3543,2096,1853,519,3149,436,2704,1469,1079,1125,3053,5267,1064,76,2373,448,1387,2110,708,2422,881,507,99,1067,310,789,816,1380,2,882,455,449,876,0,1765,681,245,329,198,15,623,49,271,944,303,56,509,153,84
GSM1658221,8556,4583,2692,1674,391,1713,735,2689,2539,1574,2429,7413,2311,2539,201,3067,750,1762,788,57,63,2067,372,1106,100,202,243,9,11,647,1554,2020,0,4,1,3631,752,448,290,36,2287,775,0,67,4443,606,26,10,25,232
GSM1658222,5952,3200,1961,1594,1349,1089,2490,3670,308,48,965,3364,5926,1998,6,2791,956,573,397,97,2521,778,131,262,788,246,77,498,574,233,782,612,268,49,8,718,0,724,313,249,167,74,34,452,2234,24,258,1427,34,11
GSM1658223,9608,4957,35,1057,0,2,2698,4925,1,3,116,5681,7520,1763,21,5093,3150,1,1,1106,2,1913,52,1921,1364,31,620,3,54,3,14,19,0,0,0,1,0,1291,1660,0,1,3,73,1,7985,557,0,0,119,4
GSM1658224,5496,5051,3959,5454,3475,7637,5137,7180,628,254,1666,3965,8384,2848,1037,9293,879,8,1522,476,567,4625,682,1464,1400,345,15,1182,3561,591,3232,1806,885,2564,1216,133,846,1633,648,166,3,799,385,1273,399,14,2176,522,0,0
GSM1658225,5292,533,2,3836,156,6330,1394,1004,2524,7,327,4270,3328,4148,350,4991,41,269,2,1,6,528,5,2,154,115,658,413,2508,0,2433,1694,0,104,0,827,1,125,746,0,181,0,255,1,2,0,9,11,1450,0
GSM1658226,9637,5077,952,3568,703,4186,81,7890,1529,1516,2162,7359,4876,3787,130,2460,585,1166,0,174,264,812,0,220,600,134,0,3,854,0,3583,227,121,10,0,0,63,323,634,51,3,2029,1181,64,2689,169,42,0,28,588
GSM1658227,7562,3009,73,3699,289,1930,889,12040,18,18,1894,6534,5547,6133,4632,6098,7264,1683,1,1032,3438,5896,70,3260,1649,510,1956,3756,628,1,1,3926,0,258,1,1422,0,425,902,0,26,681,308,1280,2461,42,2,391,4,13
GSM1658228,5664,1115,4316,2672,1691,3570,1662,6360,905,412,3482,2765,6474,1657,1111,3366,402,761,4521,65,5424,1026,292,152,1065,4,235,1173,3705,476,903,2190,445,244,0,12,449,357,241,0,227,284,62,358,1,11,795,2,63,5
GSM1658229,6603,11574,4940,328,490,1102,1906,3416,2004,3610,4014,5527,2401,8269,2185,2011,2537,1626,910,608,3023,2274,354,3090,480,152,1346,554,1119,1959,1356,746,115,2025,0,1363,1077,690,140,1670,1008,35,396,4,1009,847,614,291,219,1213
GSM1658230,2129,5369,2129,1187,557,1530,1976,2955,1758,122,4077,20,866,2936,10,330,2595,17,606,1510,721,1906,72,89,775,359,65,616,28,432,224,490,68,7,0,389,455,238,138,988,347,380,433,77,1252,564,275,1005,365,363
GSM1658231,6308,21558,10982,1394,1459,5499,4078,4879,1358,2861,5985,5672,6185,14991,1835,1962,2149,4287,3303,1506,2934,2177,767,3167,115,908,2333,285,479,3212,2131,227,6,867,0,832,1526,475,629,2095,3087,16,979,277,774,1110,65,629,22,341
GSM1658232,5088,3744,3078,792,449,1799,2292,2327,134,2579,2520,4759,2002,3392,329,1593,1225,947,14,313,781,3150,1,368,624,487,0,502,161,0,761,201,0,1286,1,535,333,7,27,70,871,1,373,552,77,295,318,0,1262,199
GSM1658233,3905,7809,4033,353,867,526,1128,1223,1085,198,2448,706,1010,6228,165,1061,139,1680,754,655,400,1564,556,895,67,1100,353,282,400,718,351,84,112,217,28,505,357,68,427,36,1140,181,1216,42,1,743,512,83,332,437
GSM1658234,4997,7384,979,3782,2506,2562,2249,2467,74,598,543,2,4328,3103,217,2039,132,1020,62,431,2479,249,1427,627,1025,38,435,1344,1044,173,801,219,683,0,0,503,1564,399,437,115,420,327,1014,78,6774,2751,0,1,176,2
GSM1658235,6415,23821,11024,505,1143,1581,4944,2499,334,5112,2942,5578,1670,9643,1202,1474,1208,2329,2932,37,1189,1079,796,3280,51,1022,1026,1307,2324,3965,1086,1342,0,810,0,111,494,546,294,1485,333,1,217,475,1975,2055,738,116,143,353
GSM1658236,9761,7094,4947,1599,2166,2910,2066,135,967,3727,1875,1859,4287,4875,147,2024,1183,1954,718,0,1621,1994,644,63,943,0,688,422,353,666,809,2776,22,1,0,1142,153,372,548,70,1086,1,479,452,0,1634,597,1156,0,7
GSM1658237,5532,26091,10303,676,1339,537,4482,1059,2020,441,2922,2253,774,11087,1419,1321,798,177,259,518,1464,4037,687,2260,453,772,959,1037,1436,1489,706,836,0,582,1178,1537,72,0,274,112,1655,0,151,49,2099,1321,646,1162,658,2
GSM1658238,2955,8758,4094,1634,721,1393,3221,1693,798,2883,1294,4270,2330,7039,2660,628,344,2175,1353,430,1279,1975,494,273,85,164,1127,317,350,1002,708,488,250,656,254,1018,179,266,979,457,661,40,573,230,2091,711,533,1544,1402,440
GSM1658239,3832,7549,2050,2140,474,1980,1541,1417,984,503,792,2378,743,1962,518,748,290,1208,439,917,297,492,0,524,327,680,786,888,284,238,321,761,367,1052,168,537,1278,400,277,339,150,330,322,241,976,298,284,91,597,523
GSM1658240,7140,12374,5858,617,1588,937,4355,2962,1927,3087,4583,3982,2863,12571,813,897,359,1105,2096,886,1657,3826,739,2935,1123,1571,503,562,254,761,1087,1802,62,4,1,315,1009,590,183,126,546,607,1050,108,1131,1190,622,580,69,785
GSM1658241,5239,11822,7766,664,1574,2370,2514,1338,1272,845,1555,1063,819,5503,1129,930,639,621,867,532,1021,1336,127,952,779,825,467,855,1232,983,557,236,489,914,23,1073,1102,311,204,259,1077,4,251,284,974,747,280,252,860,216
GSM1658242,3530,4179,663,1638,1208,1412,1787,3353,1834,722,1200,1997,409,1777,395,1527,830,38,1130,464,1504,1741,1168,91,1339,220,714,649,29,592,355,709,47,1179,0,81,20,472,60,209,500,1415,566,263,666,869,838,912,25,0
GSM1658243,8116,16169,5952,1536,1190,2825,2430,1065,1233,2126,1871,724,395,8590,1922,930,494,1085,2258,975,554,1954,560,1500,385,1044,503,59,989,644,602,1229,0,589,0,405,654,288,474,1871,2013,0,1332,495,7,583,438,500,1428,338
GSM1658333,3643,4342,2700,1774,858,766,1603,413,0,2121,184,668,344,2819,459,435,982,570,145,167,835,977,239,1195,116,411,134,199,1458,375,142,463,0,87,10,654,28,116,181,74,1013,288,121,6,0,35,655,289,6,697
GSM1658334,8513,5816,3334,1624,486,958,2286,1428,1,252,599,2580,2746,4351,1202,2713,1411,1782,388,7,802,321,50,976,203,800,845,7,23,244,74,32,0,89,0,270,474,1,1083,0,351,1,9,218,0,38,67,0,0,480
GSM1658335,4284,8629,3849,330,365,1487,811,1074,103,826,492,3744,957,3405,476,225,480,232,0,441,366,618,251,973,1108,693,584,959,333,94,372,719,1,377,104,809,59,191,630,172,500,114,120,186,474,247,313,94,381,3
GSM1657877,5227,2419,7145,2856,2340,2619,2563,1902,2156,1139,451,197,11,1026,375,262,1669,192,2695,622,100,715,5,814,634,321,70,1012,122,1846,514,11,1314,494,2907,3171,12,48,1112,656,10,762,1243,2077,1328,99,233,367,1534,1
GSM1657881,9267,4324,8761,8701,4670,683,1884,6,1038,1530,505,2,160,872,1758,460,2095,1,165,520,1459,816,32,1055,10,796,116,810,323,11,612,181,3916,639,3075,110,13,99,151,924,128,694,163,2268,2861,436,341,1227,127,0
GSM1657988,8982,2244,1056,2539,1619,2230,776,839,862,218,599,705,47,469,697,306,402,734,438,1004,32,228,747,832,132,426,877,1212,299,293,1194,514,463,362,763,466,537,546,528,652,1035,670,709,108,53,37,417,201,926,598
GSM1657989,9273,389,19,398,130,479,383,54,0,466,347,495,0,10,19,412,34,144,289,7,0,12,0,185,73,73,13,189,842,296,42,484,785,81,0,0,218,68,25,556,299,100,710,72,0,94,363,2086,27,237
GSM1657990,11819,3406,1727,3906,1149,1371,1319,1365,1110,1302,805,955,935,210,722,371,289,1003,899,1491,743,877,1293,422,632,429,550,667,1249,1167,1420,860,857,1159,2061,133,471,872,393,603,396,451,808,132,358,420,20,188,808,1343
GSM1657991,11373,993,1764,2374,3611,357,2125,354,1176,857,191,1043,4,608,947,992,115,227,768,2329,49,44,2172,132,237,27,129,91,1115,10,58,976,112,1412,1,0,291,969,129,1174,595,5,1973,260,0,265,37,243,97,781
GSM1657992,9211,2,161,97,14,3,0,27,132,69,34,2,3,1,2,1083,0,56,173,0,1,0,1,0,0,57,1,0,0,20,0,0,989,11,3,0,517,0,0,129,5,12,199,8,2,27,0,0,0,0
GSM1657993,9959,20,614,1695,775,1078,0,244,882,1131,1737,110,419,77,66,2675,1279,0,1,3951,1883,1125,1416,421,1588,70,1636,150,958,0,936,178,461,756,0,550,375,1018,1074,2,0,368,984,375,20,227,1558,15,149,0
GSM1657994,11080,1,23,15,1,142,107,4310,880,502,1152,2,3,13,104,369,978,0,859,0,2578,1164,3,5,376,110,501,634,0,0,520,102,899,0,0,134,0,8,642,0,0,1396,0,103,4474,30,473,15,0,0
GSM1657995,5493,0,0,358,69,701,32,1226,1431,379,425,477,1,26,308,257,2990,0,462,943,474,0,153,83,751,14,191,1052,739,0,0,153,0,23,1,478,435,98,124,194,505,6,0,474,0,0,2286,241,773,0
GSM1657996,9692,0,1,155,1,2646,0,250,324,1088,2213,0,2553,5,402,311,1751,0,2316,471,170,566,45,183,0,157,77,332,0,0,168,0,1,420,0,70,357,9,233,5,1,4,0,23,0,14,142,92,8,0
GSM1657997,5402,1,964,750,0,2,0,108,785,1661,1598,0,222,0,1,931,1627,0,1,186,415,220,13,759,2,333,70,244,0,0,896,58,0,236,0,0,8,7,3,0,1,31,133,0,0,2,708,70,474,0
GSM1657998,19273,17,183,12,43,218,0,17,105,730,448,228,1253,0,88,548,591,81,50,504,384,210,3,0,12,1,2,92,0,327,0,0,847,0,147,57,0,83,0,148,54,18,449,20,17,207,214,0,0,158
GSM1657999,14083,2,12,1090,0,2188,1,283,0,2194,962,2,3690,2,0,1111,3655,0,0,349,824,2,591,0,198,0,1365,1593,1,0,294,1523,67,898,0,156,2,37,0,0,9,1,536,0,7913,0,1315,182,5,0
GSM1658000,17280,2,23,689,42,3,1,242,1,958,41,9,13,3,53,786,271,179,0,2,20,3,29,6,273,389,14,24,5,1,0,0,575,0,297,1,268,0,20,31,200,57,263,3,2,17,1,1,1,553
GSM1658001,11573,108,2,1470,238,1,0,5,1,131,183,3,2,4,88,676,3,214,0,239,1,16,1,9,3005,79,721,2,89,0,27,248,36,0,0,16,425,0,319,2,81,659,302,1,0,8,9,0,242,80
GSM1658002,9789,6219,3868,1906,2169,4422,1115,789,2198,789,2037,2,1223,616,2199,950,510,1384,412,1871,1190,943,2317,1482,514,2381,1634,707,1873,894,4411,589,220,1825,471,1135,300,1198,968,116,574,957,189,348,10,322,392,695,1230,61
GSM1658003,4558,102,1472,222,409,2086,1832,1118,5,1,130,250,740,830,357,953,340,741,3061,332,1761,168,3,359,180,294,818,0,166,1005,323,762,0,680,0,0,1296,345,162,340,112,49,903,405,9,125,55,352,54,755
GSM1658004,6216,3293,52,7,993,214,25,2242,0,1140,389,3,261,8,0,1243,64,1,964,915,67,2,432,829,24,630,0,173,64,556,1693,7,577,1076,0,772,52,39,145,0,0,1,1,271,0,695,1123,0,140,0
GSM1658005,7385,1983,411,657,1020,295,801,912,419,427,499,931,98,307,1002,284,159,316,754,1336,196,496,1200,697,384,599,9,540,398,196,700,323,274,393,260,612,364,456,277,274,242,182,273,204,139,263,69,212,130,564
GSM1658006,12585,711,6196,3216,1173,4051,134,1814,1138,4907,1421,2554,1591,257,1582,2661,5888,3525,1139,1489,1576,2120,1142,1963,3030,972,1387,1427,489,459,551,235,2494,493,1406,122,1053,289,864,571,82,817,262,856,482,411,1763,606,280,2107
GSM1658007,9676,158,5248,2313,2402,814,158,3023,1202,749,1101,852,447,1026,1055,1291,949,2817,217,178,1672,1169,788,147,1994,982,709,272,201,718,327,166,3375,282,2226,348,161,521,305,578,66,849,140,708,2,217,633,928,632,504
GSM1658009,10083,18255,9448,2366,5622,3843,1806,2727,2842,2355,2027,1777,1463,5081,4569,1373,2062,3567,1590,2787,683,1621,2664,2611,1315,1278,2948,674,2668,3195,4548,898,1971,1030,2954,1965,2288,847,2399,650,1364,1435,778,955,1210,1009,783,2386,2061,1191
GSM1658010,17602,1017,4738,2764,1563,275,2,844,2145,1340,602,985,541,296,1040,727,1312,3252,1486,1003,185,696,1085,354,1132,206,620,418,327,991,625,435,4265,192,932,333,877,309,343,561,200,2248,890,770,1792,465,498,335,156,878
GSM1658012,4076,6827,2019,964,1527,2648,243,535,540,542,709,680,670,660,1458,413,356,716,905,1227,344,318,589,444,71,1008,381,559,1029,344,1019,913,596,681,279,1865,233,259,260,177,506,488,416,188,238,403,165,986,745,606
GSM1658014,11240,20904,10010,10278,4427,6363,566,2076,5512,3956,2233,1704,2138,3224,6994,1682,522,4223,3132,6918,1803,1702,2363,2594,1050,2868,2711,1898,2530,2532,3827,1957,1218,2051,32,4008,1114,831,2538,619,1959,1508,1031,1564,765,1048,927,2882,4712,1198
GSM1658016,12657,527,6239,269,2566,1748,19,1182,317,1530,1373,2201,1435,49,139,759,1038,4057,2891,0,3601,963,2621,252,932,60,807,276,1219,1903,0,646,351,7,2263,959,826,47,941,1167,331,1339,448,936,4,919,0,1095,5,1779
GSM1658017,15186,15,929,1546,1927,312,19,2665,45,523,938,297,1088,139,75,183,481,2518,1033,122,46,474,908,329,687,139,262,417,164,353,225,385,2894,122,1706,428,391,228,380,301,21,485,764,659,3,34,69,1330,7,910
GSM1658018,11888,3380,5888,1427,3441,2339,1519,8,772,3327,2220,3996,27,3045,446,1519,893,440,230,1447,4185,702,54,1336,2771,1773,1280,868,13,754,2465,763,3191,1984,4617,1754,2202,1375,1887,3919,1405,229,26,2103,3,116,1671,32,17,6
GSM1658020,18476,415,5415,562,1899,740,0,1884,894,1667,690,691,1142,822,377,652,47,6050,1747,555,1687,1320,864,1224,3489,77,1661,204,495,1712,540,164,5717,491,1761,123,34,202,820,109,414,1100,294,1433,2551,328,389,230,8,1077
GSM1658021,14900,285,3515,1105,773,266,0,868,2095,1824,886,527,291,568,91,1441,2686,2442,1590,954,1128,274,965,361,3075,180,1280,440,366,665,303,1,3713,194,1510,366,261,406,180,618,124,763,118,498,3062,115,821,371,104,297
GSM1658025,20392,936,43,8980,405,7,417,1278,101,705,175,1208,227,208,300,287,132,533,799,771,336,58,146,317,702,139,528,920,438,951,326,665,837,866,1733,318,206,109,13,710,413,823,448,190,505,276,88,229,103,1120
GSM1658026,21949,140,2233,45,1741,2861,373,534,0,2208,429,1886,519,1,328,809,827,3519,31,290,2100,93,1249,354,669,690,307,577,85,1143,1,385,4396,277,1937,217,490,437,487,19,390,816,375,2025,617,124,742,638,252,949
GSM1658027,22305,1,93,1254,1139,1557,278,2452,301,993,681,61,11,100,262,681,1596,1936,1018,190,1384,284,5,35,1280,23,742,942,301,924,1,1764,5110,111,922,0,179,5,833,128,546,226,33,176,68,857,90,39,6,747
GSM1658029,20178,512,4913,2696,3512,2745,29,3331,2945,2440,909,1689,1606,1084,473,818,1717,4486,3205,1635,2371,1156,1634,450,1609,612,956,889,1483,421,265,297,3587,611,3413,1088,1014,596,976,1137,345,1314,611,1234,1523,900,336,1742,510,2294
GSM1658031,18398,276,3690,4268,2640,711,590,1504,1461,2242,100,630,303,1,710,142,311,3798,2369,955,1873,587,1870,62,883,1182,220,769,113,1337,0,11,3767,156,3307,0,1169,0,1119,2054,6,2101,846,107,53,2,396,212,8,391
GSM1658032,13563,14777,6041,4193,6549,3593,4623,2085,3910,1552,1532,1069,1620,2003,4789,449,804,2975,1664,5211,793,1085,2463,3140,1004,2861,1050,1193,144,2044,2998,1110,2103,1588,1459,1511,1384,1273,1288,732,800,619,667,1170,1214,693,1123,1746,2303,1245
GSM1658033,16352,23358,9917,6415,2556,4436,1480,4,4386,2036,1363,1568,305,4537,5505,1076,1960,2116,2162,6019,1697,734,3234,3400,1658,1890,735,138,4540,1439,3390,2117,2238,2148,1296,1462,516,1476,1174,932,1187,1449,1534,2612,677,1126,1051,4012,3218,527
GSM1658034,14202,13583,7581,2945,3367,4274,1082,945,2981,3094,1678,1720,1648,1659,3013,932,891,3299,2147,2967,1263,1202,1799,2445,1251,2225,1061,2183,1291,2580,2474,1893,1032,2221,702,1740,1437,877,2291,777,1483,304,1408,996,2155,1256,272,1618,3362,1844
GSM1658035,17684,1498,135,1099,1019,395,1016,997,723,79,214,21,266,6,476,317,5,175,0,626,2,22,56,54,9,381,148,144,1172,376,751,485,522,61,659,11,758,283,235,905,660,1438,1418,455,102,344,3,1203,68,114
GSM1658037,11928,13596,12080,6240,7890,6306,1000,2398,6376,2521,1448,2411,6,2153,7848,1878,2075,1316,1861,5136,6169,1213,3213,2838,2251,5404,1755,575,5456,1734,3090,3388,805,166,1595,3119,1615,804,1990,402,3624,2072,1374,1396,2445,1317,1540,2765,3567,2582
GSM1658038,11764,1771,49,781,3142,693,815,80,286,715,134,654,134,109,697,242,1,855,646,240,9,278,366,20,151,165,76,308,97,556,57,410,52,105,67,1,79,0,456,347,931,1,189,133,0,861,30,246,1430,620
GSM1658039,14106,211,43,1723,1576,1,1735,2,363,772,265,301,9,2,1771,142,20,629,0,1084,8,3,21,796,941,517,8,48,13,245,810,356,58,584,1473,174,3729,431,161,435,2235,26,1148,614,0,1153,5,496,1893,633
GSM1658040,7971,8133,5038,4560,4185,2193,1855,367,4672,181,1473,0,951,1090,3590,407,817,904,1374,3403,487,1042,3445,948,809,1782,1445,917,983,879,2185,1287,628,2170,1423,2104,366,877,522,255,341,418,228,903,1207,659,289,1690,1915,131
GSM1658041,7536,12364,8313,4317,5440,3588,5040,2924,2303,2599,3098,1484,3191,4207,6947,884,967,2447,3164,6391,1447,2726,3935,4407,607,2058,1687,710,1860,2028,3948,1260,547,2439,2726,2630,551,1211,1423,371,715,1246,542,990,1167,753,1288,1129,2116,1579
GSM1658042,10074,3505,47,1252,1358,445,314,1184,209,861,152,108,304,10,377,676,62,817,514,552,56,169,298,341,832,214,15,6,228,1696,546,708,1152,498,1654,0,264,0,150,837,303,304,2573,18,268,4,97,770,98,500
GSM1658043,26816,193,10630,695,2943,3127,1,1886,1494,2308,892,1204,2652,109,717,1011,3078,8155,1506,1041,5329,1677,2267,628,1207,910,1603,964,498,269,0,246,11150,121,2711,2233,1065,667,1148,361,12,1769,323,839,238,199,805,2531,559,2347
GSM1658045,19483,566,487,2033,2519,22,442,1332,1730,1257,1432,1223,439,495,1154,499,1017,1896,2243,109,64,72,920,2044,1587,798,801,2102,211,314,277,150,2613,1,48,0,484,182,247,651,351,981,110,663,162,432,945,207,99,1218
GSM1658046,7569,2668,887,6791,1119,1372,326,931,684,939,437,660,407,211,911,593,401,536,1171,1331,514,373,660,686,659,305,825,450,829,341,363,330,316,756,343,9,982,117,799,194,843,257,512,210,216,362,251,279,233,116
GSM1658048,11930,1534,794,335,2307,173,0,46,596,159,110,130,306,67,265,530,514,1430,710,388,445,0,5,147,356,73,171,105,325,1597,341,246,1449,581,1373,22,95,0,240,139,405,1265,1095,219,0,79,13,136,169,1827
GSM1658049,15897,18,1126,682,482,714,1,2360,153,1050,431,944,160,12,89,532,569,2529,1846,900,60,132,725,3,21,22,385,370,98,63,122,228,5500,1,33,31,91,393,47,68,13,26,933,538,2736,2,5,7,0,46
GSM1658050,23197,3825,3621,3152,4182,2994,658,1395,2530,1089,1494,1223,2773,641,715,1667,738,1486,32,1194,641,905,943,1564,355,965,1260,1527,808,1636,1123,1093,4236,160,836,1281,457,524,1180,447,10,939,1439,2171,381,157,649,1629,884,1511
GSM1658051,16218,16,4666,700,655,989,0,926,633,66,354,1369,2056,589,351,585,891,2472,2043,52,493,422,1036,543,475,246,565,1625,257,1094,48,874,4265,39,1935,451,1927,511,16,110,222,1056,1419,1186,689,1228,458,578,587,1337
GSM1658052,17088,8437,4566,3307,4729,2859,1372,1477,3009,3136,1462,462,946,2967,2456,760,1813,1635,1092,4071,1962,1449,1591,2696,486,1314,1081,1260,2016,1669,2136,1394,3699,1100,225,2421,658,521,1073,447,1183,816,563,999,144,752,284,1089,2111,1125
GSM1658053,18591,2294,3107,1169,660,1774,912,4,318,770,317,1181,8,406,533,630,255,3916,1359,172,692,301,303,214,1131,355,47,1437,1251,1030,1210,696,1349,57,604,6,789,188,363,247,43,2163,294,74,786,179,399,1216,304,779
GSM1658054,15396,10,1966,2295,901,2002,0,345,1098,430,1020,908,307,421,156,857,1457,3499,1213,8,349,677,1026,2,581,119,583,1308,202,743,5,0,5012,38,1411,429,46,353,489,620,873,486,276,829,6,327,46,797,280,900
GSM1658055,19351,1458,127,516,1089,119,1302,9,233,188,20,5,19,218,293,712,13,305,104,133,53,26,369,295,89,171,42,484,459,515,56,150,281,97,729,22,126,214,108,1306,501,77,150,101,6,88,15,977,793,178
GSM1658056,22360,20,3052,428,1491,1432,0,5,126,102,215,2178,1882,135,428,604,70,2908,1642,53,302,786,618,532,1048,241,9,498,122,717,20,336,3716,975,1482,31,950,270,695,334,170,1936,531,1319,3,298,118,213,1,1094
GSM1658058,16140,1631,304,2365,3747,684,2076,2027,740,842,173,0,608,202,1160,734,239,450,568,1072,62,162,1207,1004,1288,578,247,1424,796,13,825,701,1645,760,12,537,1204,860,819,137,1242,415,718,808,2213,464,352,839,494,640
GSM1658059,25508,35,5257,3210,3001,1125,0,5053,2476,1362,1696,2738,1800,16,917,726,2636,3045,2645,742,1135,1206,2144,1129,3736,170,730,1910,42,1582,989,933,4527,1,1166,202,1258,231,1435,893,688,1786,19,1285,6316,453,699,278,170,571
GSM1658060,14366,4063,4005,2019,1987,721,478,18,2093,1141,1422,727,1181,323,850,1077,1874,2555,516,206,1869,331,367,133,1685,604,1119,967,930,406,245,1266,3089,766,2638,486,308,545,311,399,942,1269,1096,818,1319,326,615,1407,415,701
GSM1658061,13731,71,4120,78,258,5684,29,2362,1243,2006,499,2058,2842,460,562,836,1607,2080,2677,359,1371,1320,1046,772,1566,390,740,1062,442,1020,457,5,3977,161,133,1078,838,121,835,250,276,825,1017,543,1216,121,635,513,325,1427
GSM1658062,21776,950,1797,830,1793,73,1330,2773,12,196,44,159,10,0,755,869,170,716,45,416,27,3,41,54,45,158,8,23,43,302,909,460,2822,270,569,240,478,50,197,58,159,3798,552,337,1688,115,59,861,450,213
GSM1658063,12756,10653,5602,1625,4136,2928,2708,1014,2591,1565,1791,719,936,1907,3498,690,429,2649,1675,2582,1802,1230,1375,2039,1269,3579,989,852,514,1042,3125,1368,2078,1664,2832,1910,885,1020,1132,649,1269,1137,388,1067,970,506,760,1273,2393,1065
GSM1658064,12650,6,4642,799,1240,782,3,1383,242,1809,492,1038,1943,312,587,265,838,3037,1120,184,1084,851,982,167,768,473,866,806,183,969,607,719,2056,6,1904,8,207,250,466,1186,256,930,173,515,152,67,273,1086,130,1548
GSM1658065,20265,29,8929,4167,2582,1732,0,193,7494,4504,480,919,2077,3362,109,443,780,5438,3407,378,2401,549,968,71,2606,492,2785,1745,286,660,39,10,6472,1,2604,3400,398,335,434,453,19,1803,31,936,2468,200,453,463,1,564
GSM1658066,20155,403,1713,1483,1275,1707,7,1373,62,1011,205,382,1049,5,303,549,424,1064,39,453,20,49,603,27,1645,143,296,1256,220,65,20,172,4892,488,4208,1144,431,273,384,199,228,1520,1629,491,2,85,5,50,47,1175
GSM1658067,17071,323,3195,1178,1531,1141,71,409,465,467,382,2037,1020,617,424,244,894,2736,1633,635,1575,529,504,90,1109,120,179,1196,60,373,140,299,6456,71,1498,3,489,168,359,424,595,1461,487,828,256,479,523,394,55,934
GSM1658068,19139,308,568,121,1833,792,0,1037,15,1045,95,1035,668,1,133,1038,155,3585,157,474,858,99,636,9,275,97,92,59,849,748,223,469,3972,2,1527,64,691,259,129,751,55,3263,1449,2284,3,40,600,29,30,740
GSM1658069,24016,109,2493,1035,3151,698,593,4,4179,410,193,1926,593,0,112,475,4885,4262,582,2302,89,432,1676,20,313,48,1595,1787,1147,1742,1394,451,1246,293,1965,64,745,3,907,961,17,448,1180,1074,432,0,237,254,944,2008
GSM1658071,29842,623,5556,2868,5471,881,135,133,3624,829,1188,2212,5014,2321,854,1305,4261,4458,1514,2267,1724,1003,1050,419,4038,113,1805,178,1258,172,956,5,5310,1077,10337,24,3310,885,351,1732,21,1112,2367,2460,238,121,254,1889,1463,581
GSM1658072,18522,33,4464,5936,1607,806,756,1,2210,6402,3308,485,558,1,29,1425,5105,628,223,240,2216,459,2059,191,1840,675,1736,1142,267,1682,80,665,6018,314,1450,281,366,1191,562,35,18,478,636,1128,1608,133,1768,1064,883,868
GSM1658073,23665,804,5001,2285,3164,1672,0,2878,579,256,1944,2183,1913,0,1047,1800,3837,5270,1671,598,3012,1605,1791,504,1882,621,791,941,2010,1670,524,1072,5636,581,1362,266,1172,722,945,912,363,1033,59,1121,2445,160,1045,521,966,1922
GSM1658088,9665,1226,2163,4422,2540,1476,1856,710,2211,2822,1601,126,195,2598,334,632,1496,7,778,1667,979,234,1383,455,1185,1118,865,886,805,726,397,2,2514,44,4114,0,469,3312,351,503,782,341,231,2081,0,1272,745,657,990,67
GSM1658089,11343,388,867,1035,1905,128,701,1730,552,1902,276,4,0,2,72,1710,633,7,1,38,895,110,97,4,1967,157,966,1471,190,34,445,441,10,34,4,1,2068,1195,559,531,0,250,4,251,1,116,1723,269,334,16
GSM1658090,5949,7501,2093,4052,2459,684,1359,1025,2143,1258,728,1,328,1372,3501,99,873,2785,175,1767,2862,451,1373,521,634,1512,1495,1162,1620,41,1265,1188,1173,303,24,610,251,1615,520,655,144,467,143,1252,1,956,267,1240,1776,0
GSM1658091,6612,3485,1994,2936,2984,1351,2363,233,1476,647,563,589,527,1111,1447,87,496,2270,350,1462,798,392,631,644,295,1705,633,796,384,769,1267,313,412,615,936,210,384,1109,418,518,684,227,380,441,238,517,471,546,1048,112
GSM1658092,8000,15,1552,707,359,1892,127,640,1258,3191,1001,1145,114,2,83,245,1361,2,1262,815,2827,794,190,154,125,1298,2135,751,270,1,135,4,4,55,64,14,216,1365,140,10,2,1,4,123,32,124,2280,522,645,0
GSM1658093,14749,761,145,2587,677,36,132,20,47,2234,112,7,31,366,193,233,320,4,342,1939,0,67,16,273,762,819,187,181,593,513,0,49,1707,110,1070,34,636,778,20,2682,454,1023,1099,687,7,211,36,175,151,1
GSM1658094,10762,556,2,9076,866,1257,51,1919,5275,1013,115,606,1,410,1137,791,715,5,1287,2405,1628,54,322,199,1247,172,2179,98,1259,0,858,557,23,81,0,710,386,984,300,11,0,870,1,579,414,508,1633,425,792,1
GSM1658095,11587,391,244,2381,1260,604,3029,2,1558,1658,39,637,0,302,1255,78,305,364,1,872,62,174,609,166,129,733,305,125,1146,158,126,770,101,583,236,296,1055,1049,500,236,154,1002,1590,787,769,206,80,1344,145,410
GSM1658096,4747,212,6,1540,1573,4068,210,368,1508,2410,1223,6,0,408,717,486,1972,4,34,1560,1474,31,501,132,2052,25,1837,2137,1,0,513,110,8,3,0,1,110,445,384,23,800,24,0,185,0,1111,1375,46,770,1
GSM1658097,8561,1419,1590,2518,2617,919,491,1941,1009,1317,1586,205,0,1115,705,811,1547,0,2188,661,2845,230,578,592,649,1630,911,1473,359,169,378,435,915,88,2887,728,446,715,148,1158,255,643,190,2322,1312,124,355,116,335,1
GSM1658098,7527,1,8,3156,569,19,0,1931,1265,493,340,1,189,1,26,630,1835,1709,0,3395,1444,1210,178,12,3415,0,1975,2416,221,0,3329,5,100,1331,0,796,587,1581,385,5,218,216,437,1,2,2235,848,1290,2017,0
GSM1658099,7588,428,322,1632,457,811,282,2610,705,647,106,177,0,262,253,898,404,11,884,1044,802,30,267,296,1012,172,532,426,487,1,148,242,0,268,15,0,472,610,42,10,27,60,346,19,2449,307,748,64,188,1
GSM1658100,7675,1716,826,1838,1537,1690,741,998,1831,1384,581,219,162,746,861,609,906,419,891,1700,1478,432,717,538,1518,676,1401,741,487,491,1190,606,806,466,873,385,361,820,290,426,279,147,80,296,189,136,1052,767,718,192
GSM1658101,5056,2754,383,2002,4110,1550,1976,64,2247,466,257,777,0,661,2777,121,570,248,134,1566,0,376,3269,111,446,1353,942,224,590,738,1605,806,35,586,118,193,2,751,491,429,52,645,814,229,4,83,185,1254,967,95
GSM1658102,8995,2686,4,4448,1435,2816,4,3855,1088,4835,1236,127,0,0,403,839,1675,6,1,1833,0,266,772,25,2,67,540,968,0,0,0,386,5,2402,0,0,1,690,910,9,895,574,267,361,0,150,507,22,0,0
GSM1658103,8015,2627,1932,3933,2001,1659,947,395,1862,612,490,2073,490,880,2458,534,151,263,913,1718,1254,383,749,520,1044,1150,1240,465,459,544,1143,861,251,90,1390,370,478,1699,681,136,29,471,659,997,1221,561,558,553,1005,223
GSM1658104,10858,3866,793,2208,3628,456,1623,11,185,79,337,1,1,192,632,269,319,959,0,1370,2,2,1466,56,501,1859,1600,1873,1031,69,571,277,336,1015,0,52,874,900,128,57,259,1025,910,653,164,2184,41,4368,170,236
GSM1658105,5757,5649,1502,1854,4529,1363,1564,383,4272,376,679,1235,94,2236,7173,110,1199,825,3869,2818,1172,803,1560,1365,300,896,2821,1101,1357,1793,2034,452,410,988,288,564,766,886,1342,493,561,81,572,509,789,548,760,365,3289,994
GSM1658106,5545,340,2285,3169,3866,1680,2226,9,2196,1516,656,699,503,1649,335,319,237,1706,676,1463,82,876,1373,383,133,523,758,368,1331,393,1395,746,318,209,53,0,1042,1475,703,1876,231,449,1577,827,1,886,308,621,1167,491
GSM1658107,5276,4222,4974,3156,2935,1339,425,24,1580,872,273,1335,264,486,1688,202,990,689,1349,1747,972,447,1054,732,182,1713,1801,121,952,2061,1058,171,211,873,10,744,661,630,647,229,722,214,297,591,317,755,381,1610,1061,672
GSM1658108,11535,3049,28,2320,2843,748,2291,1277,413,1742,103,235,400,188,1157,451,152,1711,784,2080,675,95,2530,966,2099,325,2453,163,2141,153,645,147,106,90,391,0,0,729,589,1214,491,38,357,140,54,205,768,951,104,0
GSM1658109,7186,776,778,365,2275,1720,695,327,993,1515,661,4,90,505,119,180,705,66,2,1763,466,381,650,148,1228,1453,798,141,157,463,1514,478,738,123,707,378,436,1838,329,259,227,74,0,929,12,74,781,91,701,3
GSM1658110,5811,4879,2648,3287,2182,934,1307,923,1817,795,197,1181,618,506,3197,89,1597,1223,2947,1142,598,195,922,763,1531,1243,2012,1032,764,424,1413,961,490,398,325,786,531,1054,789,565,250,296,158,393,0,599,310,778,844,107
GSM1658111,6916,9779,3727,8379,3206,3954,884,2251,3688,1502,634,184,825,556,5192,346,767,3380,844,2393,1276,281,1294,734,791,1528,2631,591,3260,452,1700,2277,877,213,334,505,359,1927,667,91,510,443,373,747,15,56,865,2150,1850,833
GSM1658112,10480,1894,1524,6777,2304,462,291,476,869,609,357,59,324,598,987,251,1371,0,293,1133,95,58,106,324,838,1330,232,293,278,218,29,279,281,163,1451,3,169,1025,208,757,12,75,37,818,89,70,1245,657,401,0
GSM1658113,7743,6213,3107,1585,3356,3185,2676,1558,1784,2314,46,2,1850,194,3675,763,1589,5405,1818,1452,1612,845,1021,884,1029,2880,1298,2131,1240,346,2083,1914,1453,1950,368,272,722,1112,941,790,587,1,353,870,435,202,566,2515,3149,491
GSM1658114,10240,2864,644,3961,4693,1605,4089,7,2505,50,749,531,1095,39,1816,1202,18,1150,863,1282,3,473,721,1185,840,1151,1189,442,48,343,2156,2207,45,693,2027,932,872,1109,659,115,342,2,584,1290,0,528,1488,96,900,260
GSM1658115,12086,3621,573,5716,1124,939,11,601,108,147,587,308,620,1860,1205,451,240,433,894,1825,1075,607,961,35,1849,1291,2357,1094,254,0,53,202,3496,548,283,580,786,858,326,280,1,1902,543,889,666,802,444,590,332,521
GSM1658116,4078,0,1,3883,83,316,0,1140,49,819,1449,0,3224,0,1127,277,983,0,524,14,1966,327,409,179,164,0,8,13,323,0,0,561,4,0,0,0,0,0,0,4,44,900,2,0,0,43,30,135,1,0
GSM1658117,6960,1632,15,1195,978,233,751,1141,1033,882,413,1,309,344,148,834,1968,0,238,422,1484,86,581,756,954,1,231,927,178,0,215,1469,57,825,16,0,435,548,170,13,1,0,0,149,0,241,1044,16,186,0
GSM1658118,6011,441,1385,3760,781,57,1226,13,1719,51,722,0,0,30,175,912,863,0,0,706,224,2008,777,29,234,105,1026,48,15,907,249,341,1243,19,902,1268,0,1206,79,210,67,0,51,408,491,71,217,192,234,0
GSM1658119,8634,6781,12316,528,2553,831,4725,996,1382,1463,682,0,0,5623,1084,353,479,0,308,435,2171,969,1628,359,1039,884,844,1145,974,91,107,2,1065,2313,1563,130,1874,3083,666,579,127,188,0,1452,972,912,877,546,760,0
GSM1658120,7788,1956,1331,891,1100,630,874,1813,1118,2821,791,318,191,1304,305,445,2002,0,0,635,24,267,551,32,1229,774,1223,662,355,125,272,0,255,1288,4925,316,227,356,239,737,2,0,2,459,0,215,1058,38,405,0
GSM1658121,8652,6108,914,1208,901,378,275,172,835,400,455,458,347,736,1186,219,304,535,287,596,256,693,677,355,219,642,496,110,25,172,658,314,678,327,0,332,69,755,425,59,345,309,194,81,0,216,217,336,370,115
GSM1658122,7027,0,0,742,2,0,0,0,640,457,89,0,36,0,448,858,1155,0,7,696,107,2,0,40,88,284,408,543,82,0,16,0,0,0,5,0,279,346,1,0,28,43,0,2,887,0,118,0,426,0
GSM1658123,6698,1022,2282,3373,879,199,432,247,1612,1555,829,143,0,1234,336,610,620,0,504,564,808,707,451,599,589,386,1009,208,125,93,81,174,1399,162,1189,532,9,1341,292,991,7,321,76,962,923,209,472,95,472,0
GSM1658124,5826,2771,6245,1142,1467,348,610,1428,1929,779,875,343,69,981,303,658,1034,0,42,1006,147,1122,637,276,648,1640,1048,60,450,726,179,351,1304,19,740,787,217,1604,342,1052,837,255,150,894,0,429,1051,115,390,0
GSM1658125,6729,548,5709,1485,889,412,291,20,1612,143,553,182,0,198,11,754,1304,0,70,94,68,278,371,535,252,268,281,853,50,315,0,66,1275,512,481,0,44,1069,14,150,132,114,1248,719,1202,340,679,123,17,0
GSM1658126,10098,0,1406,2515,604,1068,138,0,2530,210,691,0,283,109,81,398,2863,0,0,753,739,700,57,174,894,171,1331,782,0,0,0,82,0,590,0,0,421,1507,141,762,0,0,0,185,0,107,1101,220,1236,0
GSM1658127,9162,5985,2753,2202,2014,2022,1918,1212,1953,726,809,914,298,592,1368,624,326,1904,655,1811,614,998,1616,772,407,964,1139,248,1006,558,2217,960,382,1257,37,603,762,1180,638,220,375,230,371,557,570,334,283,676,1474,397
GSM1658128,5279,2036,129,1916,3026,308,3739,527,43,2,592,4,63,214,2954,23,16,882,3,1173,5,164,506,788,0,3356,151,97,180,750,299,274,434,1325,556,0,705,790,136,266,625,123,491,202,0,162,45,1498,302,977
GSM1658129,12639,4525,2954,3437,2465,2280,1597,1097,2167,937,800,759,999,671,1865,950,704,692,1971,1524,45,1203,1467,2705,1566,915,575,1224,141,962,1640,870,487,818,2946,777,203,993,668,532,267,744,1087,1408,449,1055,220,649,1120,691
GSM1658130,7391,4887,12234,8083,2083,5955,1238,1526,7205,135,1009,1,7,3861,1406,1780,3861,2703,889,1141,0,2934,350,1056,3206,1166,3174,159,12,16,1412,283,1159,914,2089,4049,1,1532,753,1578,42,1376,135,1486,2274,322,418,247,1,93
GSM1658131,7279,951,1252,326,688,108,384,893,99,1398,1013,1173,539,711,896,291,472,586,343,360,255,288,506,175,417,198,54,466,150,204,148,109,597,214,556,146,197,311,228,124,587,299,247,61,264,294,120,330,141,988
GSM1658133,13158,1832,7058,3459,3790,3901,2154,2941,1055,1321,2090,345,0,2282,918,1112,1306,0,1325,272,24,423,580,571,777,2148,620,2155,621,696,0,2,1690,276,3456,231,124,2321,486,1200,87,148,677,1926,24,1709,563,1147,157,1
GSM1658134,7462,5540,1602,2067,857,2967,1199,879,866,521,614,113,267,193,1189,645,841,311,644,1063,926,439,1797,469,1,1292,744,725,847,1129,1933,796,695,273,209,899,679,811,387,243,329,458,111,475,1115,411,227,515,1292,109
GSM1658135,12869,320,36,1270,485,254,346,409,41,257,1231,88,501,88,679,234,359,262,3,626,1023,762,829,397,148,500,448,636,813,161,258,1096,421,75,276,262,336,155,128,695,762,338,439,104,8,553,521,230,81,236
GSM1658136,10538,943,184,2315,1487,543,360,33,0,50,52,3,3,86,551,325,0,5,68,742,0,1426,611,61,426,289,33,263,10,16,228,519,456,194,4,1,29,49,1544,1382,335,846,236,41,0,684,132,15,56,2299
GSM1658137,13052,2133,1489,2770,6307,4813,2460,1258,2295,1913,799,165,0,1017,1751,780,366,2081,1027,1007,546,2257,2293,1161,712,762,918,1383,1150,492,1611,1161,95,1050,1251,1799,12,2083,764,480,438,907,398,1359,898,1027,1036,2147,1373,1067
GSM1658138,2450,812,113,668,269,39,199,174,625,280,1217,187,118,801,281,80,677,130,0,894,24,796,1606,99,21,227,518,17,192,110,141,372,400,732,627,34,55,377,81,251,201,0,344,66,0,84,13,93,32,308
GSM1658139,2760,811,1057,348,862,257,294,105,616,383,938,192,273,366,363,68,284,285,116,524,7,437,1039,81,141,50,261,48,541,334,343,260,241,171,46,157,27,203,82,132,138,159,71,172,115,52,200,231,332,328
GSM1658140,14139,1985,9282,3764,2834,2532,1359,2875,310,2017,2207,72,278,1394,899,895,1685,25,792,794,450,679,1251,1537,740,1060,866,1235,403,1328,980,578,1229,352,5176,713,1202,1144,583,1772,390,294,1107,1538,176,345,445,1108,326,197
GSM1658141,8677,5050,2943,4457,3039,667,3235,1304,4169,2312,1554,1635,235,2625,3128,274,615,1123,1131,4635,368,3045,4005,803,421,2423,2228,1063,675,678,2174,1129,646,1652,1040,1503,1698,1854,553,684,618,196,1038,912,776,778,384,1514,2681,517
GSM1658142,9379,598,3109,721,649,433,188,437,270,420,511,384,26,395,330,438,514,859,438,149,198,287,209,147,426,192,447,239,318,328,289,86,1369,59,1129,70,320,359,197,666,397,412,203,547,356,255,155,204,191,175
GSM1658143,12280,5064,1725,1125,2859,4053,988,889,975,878,523,343,239,24,827,803,117,1841,1558,333,757,405,461,556,734,677,19,1128,1777,450,2057,1790,371,186,397,1029,164,290,559,455,247,255,848,109,799,334,141,680,396,233
GSM1658145,4155,4042,2515,935,1881,959,1604,352,625,277,758,536,233,640,1738,210,281,567,622,820,729,453,709,790,154,859,323,550,607,962,1498,600,305,466,391,186,510,475,387,169,213,44,531,221,650,282,153,487,454,560
GSM1658146,7275,2318,822,719,723,1947,934,125,251,287,281,92,211,270,675,694,207,749,1047,616,365,192,573,134,429,265,194,438,700,362,1008,669,127,353,381,1311,159,304,240,423,135,261,240,117,220,301,221,297,317,34
GSM1658147,5084,3664,3843,1960,2373,1809,1895,478,2126,1302,879,1083,478,1120,2461,433,445,947,576,1759,1145,1618,1553,593,708,1731,1270,339,801,668,2516,646,540,1079,565,444,528,618,557,589,454,924,649,414,325,398,475,945,753,1137
GSM1658148,10050,3452,1869,6586,2264,2281,2122,245,1869,422,1438,2,1332,1065,971,506,883,370,545,1919,1096,356,2814,702,609,1098,988,951,1014,150,2196,1092,685,815,3,406,476,1477,536,410,625,647,575,765,631,592,369,741,1534,14
GSM1658149,6796,2636,820,791,338,867,87,3,416,2,123,1478,23,0,543,373,402,344,504,308,39,908,167,138,542,720,83,504,801,1144,129,225,398,50,1269,0,97,248,107,511,52,574,1421,122,149,78,23,454,71,15
GSM1658150,10368,4112,1224,1769,1202,834,1070,509,1060,575,1070,242,2504,387,378,1082,792,2917,1495,1017,700,695,518,347,231,1022,327,533,961,545,536,1440,271,587,1170,656,731,298,374,372,408,610,703,62,0,620,322,471,592,415
GSM1658151,5658,297,30,309,356,37,22,8,125,205,78,360,181,147,338,41,37,667,498,245,2,205,156,35,204,328,2,165,381,516,131,76,271,404,102,105,274,56,98,688,42,35,167,52,3,50,35,143,75,444
GSM1658152,13042,1129,1094,2646,530,524,110,1154,248,798,395,447,336,203,440,641,265,920,533,308,142,126,351,894,156,185,578,67,300,974,1167,584,1103,187,463,228,425,530,111,96,771,200,330,93,229,258,135,304,289,297
GSM1658153,13149,4488,610,2164,3229,1582,1350,278,149,322,656,491,433,267,1087,765,254,2161,568,1243,809,452,932,615,120,155,198,1720,495,234,624,966,978,1439,1232,576,265,1189,520,71,974,12,1143,415,1061,412,79,365,536,827
GSM1658155,4328,1002,7772,2479,1146,281,1775,780,1111,11,2912,0,0,3072,2285,151,1130,6,12,221,919,496,1035,485,11,559,957,836,144,649,156,107,771,249,2114,65,3,3131,537,338,449,167,77,998,643,1043,1017,331,130,0
GSM1658156,10086,4003,3746,3109,2414,2773,616,2076,1563,1871,1903,1224,2041,358,3583,671,671,1095,423,1580,1104,1294,1336,852,530,566,906,339,1628,503,2523,998,1421,702,866,1324,1138,583,455,409,904,553,343,1001,572,466,365,623,977,632
GSM1658157,16280,2635,5640,2416,3372,985,1629,1432,993,2045,2192,452,277,2915,2625,1198,2055,247,503,1132,125,890,2464,1169,1141,1076,935,897,533,529,1546,549,2769,401,2242,1150,292,1207,1249,462,51,305,374,1550,1344,571,933,835,1662,392
GSM1658158,6906,3838,3320,1965,2051,4400,1558,778,894,330,1017,29,474,531,992,646,521,1036,1190,967,167,449,1359,1117,1245,802,550,598,875,428,2599,1622,737,767,60,743,220,678,515,60,624,595,509,602,607,348,416,646,1178,270
GSM1658159,9944,7596,12305,4909,4194,3177,2341,2383,3211,3065,3223,385,1,4477,1525,658,3288,1,1193,4534,0,2255,1892,195,85,505,2733,540,3433,362,1108,3,2473,513,6730,2381,594,1462,1019,1303,176,1483,1165,3057,2775,239,587,132,1010,3
GSM1658160,8910,3809,3175,3390,2441,985,1855,918,916,765,489,243,359,664,1528,850,1292,1260,2029,1632,302,907,1715,910,720,1295,1143,213,879,159,2128,250,402,862,742,818,481,1031,326,572,531,343,729,567,438,289,263,517,520,64
GSM1658162,9795,1999,12178,3069,4945,2003,1381,951,678,3473,2305,18,1,3270,1036,805,1806,3,17,64,490,1145,1851,738,3428,2943,2158,441,723,442,110,801,1266,1600,7899,1048,10,2914,769,122,199,0,2,1630,116,1039,1239,474,211,1
GSM1658164,8707,2065,6072,3980,1299,2370,323,6211,211,3851,1478,2,1,800,803,866,1158,115,922,805,4,1532,1164,361,2497,973,1341,849,10,908,0,117,1781,378,3126,1699,691,1130,398,2654,24,187,1928,1689,836,765,941,26,6,3
GSM1657871,8198,346,8856,5518,5933,960,2183,1518,926,92,375,2575,1186,439,645,1849,2343,44,4979,265,3163,35,16,599,77,461,31,2182,718,574,555,480,3595,774,6668,63,442,36,590,621,471,1633,202,2712,746,554,596,693,0,8
GSM1657873,11378,1135,2757,3750,2490,4710,1499,5897,365,2,355,1,1011,111,496,1138,407,31,0,121,120,465,4,199,2730,79,89,1034,2463,1265,194,15,4581,194,4123,8,424,140,145,78,4,138,234,3865,60,2231,147,1,283,0
GSM1657876,8553,2057,424,1421,1778,510,783,842,23,1484,143,1073,5573,417,441,966,2206,477,58,174,85,20,5,45,75,1326,2,490,153,45,213,430,1057,10,147,39,110,4,1209,548,680,51,777,104,107,73,106,77,10,160
GSM1657885,15688,0,408,847,1379,2577,0,3,439,186,75,1335,0,192,41,387,17,1189,10,5,119,0,13,27,578,115,60,30,5,156,0,0,1421,0,3086,150,59,0,181,0,0,1119,1327,154,1,286,42,2,212,1022
GSM1657889,7309,2283,8669,6019,4248,5500,4156,806,1179,3555,525,1237,0,981,1227,1637,2494,0,1894,1446,444,229,28,582,1101,1778,81,2899,95,983,174,544,2351,62,3646,646,33,69,561,612,38,1549,51,2027,3317,2115,1035,462,11,0
GSM1657890,9609,1223,9246,1035,2937,2453,416,3390,545,613,585,149,196,662,1610,633,1497,21,5,746,4,53,32,832,417,1237,46,2240,18,847,591,140,391,1066,5426,461,4,30,176,1377,11,1114,4,2838,4570,733,147,33,65,0
GSM1657891,7877,5313,9841,3897,3853,2745,3108,2481,1655,2438,1002,6,42,961,1677,868,1703,6,2125,625,38,304,34,1213,778,1938,89,1115,91,643,711,318,2977,37,6029,546,701,60,475,1053,0,640,184,2139,41,421,454,41,425,533
GSM1657892,8293,3071,10501,1310,9392,2272,2246,5714,876,2168,1184,3041,144,1165,826,2242,548,491,32,592,479,224,24,285,4895,179,201,178,8,0,293,3348,3,641,1297,0,66,22,316,1277,2,3574,128,2754,3317,514,210,138,1648,0
GSM1657893,5387,1042,1904,1303,1184,4209,399,645,935,865,364,961,2520,182,1361,424,682,4531,695,213,1751,250,23,527,366,205,68,1586,30,737,445,181,904,739,1787,595,115,19,160,354,71,800,320,65,0,852,327,440,97,1020
GSM1657894,4232,1075,5586,803,2754,3556,757,4,73,677,175,168,0,310,79,746,498,0,851,43,7,95,6,222,0,825,23,300,751,19,22,7,219,15,2449,303,187,16,134,691,667,338,401,1638,918,270,285,86,109,0
GSM1657898,11095,3690,624,3241,6012,1964,6466,16,262,1056,189,63,541,357,1581,535,942,179,97,1007,0,666,92,26,26,1020,72,725,70,1700,0,3533,337,158,1148,0,1249,38,463,2507,41,0,1657,1221,0,1478,239,776,154,959
GSM1657899,11144,1440,6713,4773,4510,2757,1960,2474,1419,880,246,989,0,576,200,2521,2120,0,1309,475,550,327,16,274,872,649,85,1402,839,423,63,57,4027,814,2623,497,234,38,1092,1361,2,345,1417,3378,4085,1087,977,501,190,20
GSM1657900,7544,995,6573,1400,2653,1230,1220,2009,598,3391,369,945,0,553,654,864,1721,0,1114,996,7,135,40,596,164,675,46,1319,1144,874,471,574,1144,439,1821,1006,70,51,190,1379,545,417,526,1863,2234,259,468,629,0,0
GSM1657901,11560,2170,10077,2065,2481,2043,2240,53,867,976,524,458,0,696,993,1834,2130,0,2701,313,209,197,19,1213,590,1413,110,1131,1339,645,554,453,1770,63,3324,1237,63,34,532,783,0,616,1611,2588,4131,981,544,367,367,0
GSM1657902,8754,4204,13057,4986,3352,6054,2220,4862,856,3466,1311,1720,31,1350,1474,2394,3240,77,2477,451,2268,468,29,1876,474,3926,157,129,573,37,1047,0,1118,560,7332,1396,257,107,429,1229,6,2084,5,1993,9738,749,1496,19,147,1
GSM1657903,11516,41,1444,634,1617,231,51,2000,752,4399,629,51,1681,331,149,1734,1550,574,395,325,7766,57,37,1155,106,169,42,95,104,43,20,6,47,950,83,26,1165,92,820,498,2,6056,1283,3,1488,94,870,669,835,49
GSM1657904,7457,23,85,1219,1,32,0,3338,173,1266,184,48,293,1,326,379,638,41,232,64,1008,19,5,282,590,712,5,519,107,151,19,20,1012,78,2183,12,138,4,90,301,390,28,0,28,0,215,340,3,408,73
GSM1657906,5699,1201,1673,3092,821,3214,339,1521,220,2628,479,804,3250,232,932,634,2353,1571,1160,789,2485,368,23,623,550,662,24,1359,311,43,461,385,969,1648,2273,763,436,10,208,1658,57,806,332,238,776,281,228,0,0,459
GSM1657907,5314,1290,1132,1499,1395,347,40,623,692,1497,679,1313,3374,111,1574,633,1724,1248,378,345,589,747,19,641,514,1059,6,750,610,127,1,1024,571,1177,3523,708,389,26,177,87,799,40,793,66,6,98,418,196,332,105
GSM1657908,7477,596,1785,353,1203,2685,973,101,355,116,408,3921,2207,592,281,257,1359,2504,797,846,106,170,22,76,576,110,131,1288,119,67,56,3,868,352,1546,343,9,15,32,698,293,7,285,774,28,548,106,243,612,1691
GSM1657909,12859,0,830,1387,25,700,0,906,216,3544,503,1,1978,0,265,1671,1418,0,1883,693,6160,261,28,785,504,852,78,1677,3,0,383,0,139,76,719,0,3,25,129,499,0,369,0,1,0,117,1145,80,346,0
GSM1657910,8192,0,116,344,478,36,16,1941,9,280,311,1,675,176,1664,258,718,15,9,39,12,219,10,456,16,146,35,559,2,0,1,0,27,0,1,2,34,15,17,1223,0,379,1,429,306,14,691,1912,156,0
GSM1657911,5903,2,307,113,504,0,1381,3,454,600,237,239,1907,36,237,1417,616,259,812,1312,1855,0,0,848,734,7,7,27,128,50,598,415,1202,798,138,0,237,6,81,331,0,22,2834,637,10,456,264,0,0,388
GSM1657913,8521,2992,1978,1275,1046,996,526,1507,1713,1936,402,708,1564,251,1099,933,615,819,2026,205,2480,233,4,994,96,276,68,1010,443,297,1499,126,1248,1157,1028,0,87,13,180,599,209,190,13,114,787,872,923,300,287,43
GSM1657914,9463,615,113,254,19,1,25,1,1229,1579,211,2029,2166,25,279,434,724,3807,1926,763,4316,365,11,318,334,13,74,2106,410,29,0,1666,153,77,749,902,118,12,539,163,121,0,929,276,668,437,0,1468,35,533
GSM1657915,7496,52,853,791,846,11,1,621,39,73,159,82,691,4,162,348,252,1127,987,177,231,199,1,41,67,156,0,116,313,936,1,1683,855,74,3494,30,218,0,53,984,281,636,445,2,0,198,48,4,740,735
GSM1657916,9059,816,293,4419,433,1087,393,3208,593,1313,265,537,2080,119,267,582,660,692,388,1315,446,215,19,169,620,243,49,1138,661,193,525,168,712,329,962,115,239,48,5,536,364,486,37,44,258,432,307,8,210,80
GSM1657917,9682,922,994,763,4055,4552,626,244,280,2445,443,2206,4741,438,892,1892,929,3227,218,407,145,150,18,306,3426,278,35,454,685,521,1046,679,1082,633,1855,441,146,17,291,675,84,1584,1323,116,188,1216,711,1064,69,272
GSM1657918,5807,2297,4271,1895,1838,6213,1075,313,131,3508,344,5834,7310,172,2932,3468,384,639,9151,934,4344,700,3,1704,7,91,2,223,823,6,5214,86,27,2120,4025,56,0,52,1,1095,42,2835,3,101,6695,21,3,1,1457,737
GSM1657919,10080,0,2353,1103,0,670,223,2072,62,433,490,0,663,0,189,593,576,0,151,242,18,322,0,32,258,427,36,36,0,0,0,11,376,0,0,0,0,31,397,0,0,989,21,10,0,12,1247,503,929,0
GSM1657920,4774,3,42,37979,98,1299,1349,63,1666,1276,128,0,111,5,77,2577,1250,1,905,1032,392,223,0,7,22,0,139,1968,0,0,545,304,394,1,0,37,0,117,452,26,0,61,3,123,14,1,24,53,91,16
GSM1657921,9481,553,34,3431,0,2886,80,38,525,2810,396,310,3037,55,235,1190,332,973,423,337,0,384,1,854,1086,340,40,246,1593,0,698,247,818,48,263,0,90,18,0,1299,116,785,2554,6,0,1213,79,13,39,557
GSM1657922,10395,278,1524,7516,148,137,78,538,72,415,497,2516,3214,70,1074,852,762,1085,61,930,1679,124,24,335,14,748,55,1027,245,312,821,70,146,419,2097,801,620,24,93,342,153,126,0,0,145,52,76,25,2052,373
GSM1657923,7041,636,3459,2784,4166,3435,560,4281,1105,998,727,66,3,705,1837,971,1315,0,196,45,1161,210,15,1193,115,1732,24,3842,200,149,463,224,705,150,2258,1272,0,18,28,320,28,1854,61,1396,5068,490,131,26,90,0
GSM1657924,10447,36,1207,301,1020,359,104,1437,20,522,922,304,1583,179,1366,2504,673,190,207,356,1777,320,13,82,465,4,165,181,9,4,0,0,303,37,134,744,2,21,144,499,12,1282,107,708,294,44,417,143,40,448
GSM1657925,19302,0,418,991,497,40,0,507,23,2364,721,0,833,0,1473,1053,2198,0,2049,307,3755,350,10,485,662,875,19,31,2,181,0,839,3,33,0,0,1,8,85,1,107,3669,47,0,1019,48,33,6,0,0
GSM1657926,14352,0,1229,2321,432,668,0,281,1860,892,1375,11,2,0,2413,1137,1975,2,104,59,2305,857,29,420,432,341,109,1035,36,0,443,0,1329,19,76,0,0,31,5,0,415,1924,3,227,8125,435,447,267,102,0
GSM1657927,11349,0,94,1132,172,9,0,8628,2309,1341,1348,1255,976,372,1035,2091,2351,0,93,1412,22,503,121,2193,374,114,120,335,0,0,728,60,0,0,0,498,1030,44,0,154,1848,0,419,39,0,1809,507,170,0,0
GSM1657928,7513,3258,1367,3168,641,684,0,6,1234,1133,470,2554,6141,0,815,247,284,1424,20,956,11,194,18,55,2124,590,15,1097,619,587,767,400,395,192,863,485,7,17,218,1237,931,788,3,454,0,0,55,2,1952,760
GSM1657930,5020,7814,6690,2398,2004,1689,2201,1987,2839,1076,1927,284,341,1589,1763,158,606,1459,2208,1567,1290,1630,2299,801,340,1628,829,256,1079,1253,3731,985,929,1095,2245,987,886,1287,545,373,701,1078,481,332,737,1264,521,1435,1466,541
GSM1657931,9869,1297,22,463,522,1106,913,969,193,55,346,278,0,0,516,458,1250,1046,1784,600,63,37,707,24,25,1872,846,23,1059,90,1564,212,542,528,44,4,13,466,249,190,77,261,409,149,134,340,492,312,990,585
GSM1657932,13275,482,5898,1910,1556,1610,704,2042,718,429,1461,132,735,91,220,194,1057,8267,1346,323,1815,1227,1698,1141,416,160,1753,608,898,538,635,16,4390,36,8,24,774,130,542,3368,238,964,996,697,790,292,451,608,1267,574
GSM1657933,11716,430,1051,979,2547,303,1797,1902,1597,1179,110,197,53,136,617,390,978,1229,199,432,392,442,185,375,405,332,679,50,128,844,461,170,1281,129,496,169,240,255,193,363,452,506,151,116,460,892,395,678,42,420
GSM1657934,12315,6,171,1,5,1,2,1,231,3187,3753,0,237,0,252,125,544,190,0,622,3025,2323,237,245,1180,810,2516,1315,10,4,0,55,21,113,0,2,164,524,162,0,6,1210,16,28,1462,341,882,23,422,2
GSM1657935,9722,5942,2773,474,2323,2429,475,1872,108,2559,347,1815,824,77,895,215,3,1973,2302,1312,1697,529,390,543,64,1642,194,595,1436,786,2211,1308,1125,1761,2630,193,437,1095,656,451,52,871,2548,1478,1807,83,858,718,741,1583
GSM1657937,10157,1686,869,1443,1923,290,1929,890,452,400,336,301,1237,128,1301,408,112,344,453,510,0,206,989,641,424,366,582,232,401,297,779,693,543,439,282,175,123,360,267,258,887,355,333,473,240,405,156,404,391,235
GSM1657938,11707,1,1036,1048,1524,402,221,1632,399,841,506,914,150,4,182,629,0,4021,0,32,317,124,905,23,854,24,1494,132,42,473,0,973,896,208,857,10,98,200,0,0,4,1297,4,345,540,0,389,289,50,991
GSM1657939,5291,1144,77,898,566,0,108,2,205,33,1396,0,89,11,128,69,1,273,2,432,0,363,216,227,329,13,26,53,383,95,2,556,387,1,27,21,376,14,16,132,243,106,284,22,365,76,37,352,231,306
GSM1657940,3033,653,1291,738,591,332,598,143,1199,324,148,276,0,440,713,157,254,504,118,1351,69,193,559,296,278,377,2628,349,505,136,225,305,718,422,101,18,191,1033,134,103,177,30,490,97,86,142,366,258,101,872
GSM1657941,8905,246,54,101,280,149,255,0,0,151,20,0,47,0,247,90,0,72,87,180,114,5,6,19,96,35,6,7,344,276,18,42,289,247,4,51,64,5,26,214,299,274,277,2,52,136,0,56,80,0
GSM1657942,12731,802,12,358,1433,1,825,637,237,61,201,0,584,5,92,169,8,14,83,579,0,353,474,215,0,585,100,312,804,8,181,739,367,9,1,3,625,155,286,643,1484,4,488,6,5,511,55,163,405,2
GSM1657943,8607,1220,585,2754,624,858,1388,682,328,307,274,824,140,107,374,347,441,498,740,574,155,127,786,146,828,263,821,224,672,235,264,65,579,299,495,2,207,198,43,747,346,168,615,98,508,153,14,365,281,465
GSM1657944,2218,212,789,155,40,54,23,41,69,88,914,7,44,490,108,17,75,7,35,93,16,355,408,29,17,21,418,52,58,48,5,17,67,24,122,20,41,379,18,39,25,43,22,41,16,18,14,47,30,90
GSM1657945,10951,728,767,1014,667,451,614,654,175,337,263,2,66,9,754,358,185,228,421,364,26,178,701,220,486,273,215,130,124,552,124,87,547,63,223,44,239,213,99,191,491,5,584,125,3,184,5,473,272,110
GSM1657946,10113,14893,5229,1970,2214,1884,530,1015,2036,1574,2030,978,1001,2313,2906,550,600,668,1279,1725,1992,2372,2817,1073,1077,1949,2218,438,204,544,2398,433,1172,979,0,1581,320,1355,458,83,571,945,347,172,220,425,644,793,540,216
GSM1657948,10088,314,68,2326,128,6,210,4,354,170,27,198,4,12,538,431,0,776,289,127,79,5,114,344,333,72,317,82,369,139,0,107,321,168,566,1,221,2,141,458,308,476,539,116,208,266,5,170,153,416
GSM1657949,2322,1074,1022,561,936,418,971,212,726,313,688,239,20,291,614,173,287,308,375,621,66,618,750,280,216,356,683,211,319,223,555,79,130,468,29,154,60,334,84,111,93,240,25,54,245,568,64,227,178,419
GSM1657950,7358,285,402,233,406,437,321,466,0,605,47,0,0,2,498,368,38,364,330,180,584,68,241,202,192,148,23,84,349,60,65,167,144,369,15,52,318,3,150,147,265,537,852,394,0,106,16,87,94,99
GSM1657951,9574,48,303,166,200,0,106,407,0,133,101,0,89,0,89,755,131,211,443,362,830,3,17,0,76,31,374,118,602,66,29,66,126,6,0,256,160,1,42,56,226,196,280,51,40,430,11,16,40,461
GSM1657952,8885,5924,2123,1313,2235,2776,365,563,696,466,1158,726,354,416,1277,314,615,494,843,991,531,894,1581,607,446,1050,496,1013,751,1400,2383,483,198,609,143,835,437,450,229,225,873,824,209,177,837,466,222,666,681,422
GSM1657953,848,26,44,5,162,0,2,0,0,0,7,0,0,0,16,0,0,1,0,0,0,7,159,14,1,2587,433,338,0,0,0,0,650,5,0,0,40,1561,0,15,0,0,2,2,0,0,0,702,0,0
GSM1657954,8408,2473,525,459,1822,1011,236,117,1,90,90,977,5,1,499,231,101,317,767,489,191,108,1011,22,43,469,278,387,560,812,266,481,238,127,705,11,323,79,23,369,538,313,635,308,617,366,86,167,409,599
GSM1657955,6143,1979,712,483,738,617,99,624,152,199,170,520,62,188,657,117,186,82,539,416,242,543,641,24,141,220,491,362,425,310,307,261,520,383,147,37,182,640,111,69,410,136,287,90,254,326,0,123,48,641
GSM1657956,6727,3411,2236,601,1837,3316,336,1395,1103,494,1321,638,885,371,963,160,214,1169,630,1324,321,1181,638,829,558,538,1335,586,767,284,1841,843,1024,449,412,1427,262,522,230,349,506,660,230,225,148,222,23,1493,937,373
GSM1657957,5596,3300,3248,737,1597,2223,2611,719,601,606,1076,395,596,816,1060,253,178,519,546,1491,962,1092,1061,905,438,352,252,518,693,630,2572,267,494,538,1173,292,442,333,351,140,374,483,171,222,1126,294,489,600,646,327
GSM1657958,8661,1818,2751,1262,2434,400,1178,1268,2223,1079,646,679,12,1224,1579,278,165,1321,1631,1141,401,1066,1576,1034,895,701,1091,353,1398,781,1896,498,410,527,333,474,283,786,365,530,747,286,653,570,896,806,213,685,825,630
GSM1657959,7808,65,23,3180,10,1022,314,939,424,95,193,230,0,155,83,92,13,332,319,595,0,29,268,27,619,226,253,201,300,475,86,780,232,152,607,113,13,4,360,640,252,118,474,31,335,191,0,20,231,157
GSM1657960,7004,7703,7645,2213,2266,4066,4471,1307,1553,1592,3644,556,1843,1434,4129,359,642,2626,1243,2605,705,2151,2569,2128,269,2043,2245,680,1223,1893,4475,1641,983,753,2922,1410,853,471,844,181,869,859,623,1836,693,734,746,1624,1306,915
GSM1657961,8785,480,0,195,768,376,688,403,199,370,143,269,217,70,210,63,49,253,307,121,109,47,124,71,67,277,820,65,438,518,418,302,403,83,621,75,144,0,30,309,233,10,1014,196,8,101,12,123,117,355
GSM1657962,5529,6485,3885,1618,2360,2769,2920,1809,989,577,1760,191,1042,944,1973,356,321,1997,1150,1732,679,999,2051,1732,489,815,971,843,1024,892,4367,644,544,673,1032,107,495,450,305,83,410,619,620,708,464,502,200,654,780,631
GSM1657963,8418,2978,3069,2798,1940,4798,546,2197,2528,986,1344,1000,555,724,2299,722,774,1208,1123,1620,1865,141,1507,929,986,1154,3201,903,1668,605,1795,618,291,1253,2156,1384,964,788,577,197,576,1652,192,561,686,1272,323,1158,1141,2748
GSM1657964,14685,3359,346,3255,1392,42,323,0,589,13,881,1443,801,1,351,456,79,453,458,633,2,504,4,927,2,617,207,228,1032,458,323,844,84,222,2,940,1168,116,409,1059,182,3,644,2,153,145,87,1324,670,2000
GSM1657965,20774,11,588,3597,2081,1150,0,1946,1730,995,484,1063,1220,1086,83,644,2839,6444,716,80,2372,2477,4711,2,2401,21,3527,170,51,467,1894,837,11455,1,1783,17,163,227,65,31,88,723,2774,1144,0,110,1122,326,1,551
GSM1657966,8679,4525,6887,5526,1676,49,1985,584,2602,715,3923,1149,1,265,1485,304,401,1516,1703,1764,2288,2690,2426,565,1332,1215,1811,2097,724,471,3499,469,766,884,1208,763,530,1480,250,1764,636,54,501,173,1921,220,1544,1396,1863,1697
GSM1657967,16992,11626,9204,6625,2248,4313,2154,1527,1308,1260,2358,3031,497,372,2613,1303,1688,2854,6437,2519,801,1682,1958,1501,2101,1797,2048,1413,3050,1526,3488,1708,1592,919,1080,2454,700,982,1409,899,1438,481,194,595,3622,324,811,1982,1407,1757
GSM1657968,16751,1820,3,13960,492,0,1,1119,245,810,91,649,0,19,593,559,8,220,65,594,0,244,43,118,205,6,670,570,1158,1288,164,964,332,360,2213,266,496,260,215,367,979,875,746,673,46,208,13,7,597,769
GSM1657969,28928,3200,5591,9,467,1438,0,12,1,232,43,328,2114,0,306,77,2032,2714,1845,1451,24,479,2482,0,0,606,1599,814,13,2088,3,673,8926,1258,5000,0,0,0,529,1099,83,570,5608,835,0,3,1,23,1,745
GSM1657970,9881,583,6,303,308,67,104,1036,59,16,118,535,10,11,512,54,27,566,257,115,1,50,24,62,137,39,164,136,1048,788,60,489,13,6,33,531,26,140,54,104,673,149,857,38,2,250,3,36,148,48
GSM1657971,19255,9288,5109,4442,4112,1948,3891,751,998,2058,1568,192,1465,183,7251,973,324,3438,2463,3000,460,2657,1695,1898,434,2642,354,351,1108,1000,5190,2348,1410,1632,5243,955,1446,770,733,1061,1389,771,1402,1250,863,1336,484,1205,1449,1481
GSM1657972,26322,11363,3582,1738,1865,2449,0,4767,1618,7533,688,1988,0,216,123,2377,9224,749,2800,214,893,409,2448,3039,2011,40,386,2388,244,1620,4115,946,0,517,2,0,0,2207,1699,254,0,1649,270,644,0,7,1193,55,2,3
GSM1657973,8894,2067,1447,2495,2357,1658,1278,779,1104,915,883,192,562,731,1041,231,657,134,1314,1140,1080,539,884,1295,296,730,879,492,695,389,1635,368,543,444,107,583,502,164,451,223,736,744,690,710,953,954,219,165,1208,722
GSM1657974,31850,5599,66,1517,2485,6,4733,2646,694,36,2471,5,0,593,1160,1020,966,80,388,38,0,136,161,0,34,495,160,361,1600,8,4,6,699,1545,44,0,613,253,325,1166,587,3,3941,8,0,592,55,606,60,12
GSM1657975,18290,2,595,172,1284,273,62,2712,21,2860,305,3134,1294,89,266,415,70,3519,0,16,975,337,919,825,1095,4,350,694,1834,693,2,507,2929,320,1863,2068,286,1175,107,37,218,54,410,3088,0,40,464,401,0,2627
GSM1657976,3455,315,160,55,243,253,49,194,8,204,8,138,5,5,211,156,14,76,67,56,219,62,2,6,84,33,9,9,110,20,32,16,139,4,16,42,34,1,10,408,116,63,331,154,255,70,8,30,46,6
GSM1657977,11575,4809,2440,3259,4652,2279,2862,2014,4332,688,2143,889,86,1435,3247,484,1524,1057,929,1713,215,2719,4652,1082,861,1174,2568,816,2378,1124,3294,767,755,440,966,1388,364,1747,1056,790,864,1009,1307,809,321,650,737,1385,2296,465
GSM1657978,13678,2247,154,185,482,452,278,0,1246,0,46,0,427,0,287,169,0,291,0,209,18,33,48,103,20,110,915,438,54,951,136,372,481,86,424,88,188,29,47,528,745,0,759,163,0,73,79,100,113,605
GSM1657979,18618,206,7905,538,2189,1372,2,2054,350,42,464,2708,2512,214,113,485,232,10798,292,297,2881,1774,3005,1574,1339,18,1811,113,659,1867,0,3,2121,482,1802,197,1029,54,267,256,1109,421,2007,1924,0,3485,691,249,0,1648
GSM1657980,13397,4163,822,285,1716,4211,605,223,790,648,1556,1894,7,82,987,255,1535,618,0,1115,948,616,1254,122,775,142,2911,358,1279,807,381,932,35,1103,0,0,792,867,138,1371,33,472,106,22,3138,1025,675,452,1017,148
GSM1657981,19716,1,7644,515,271,4137,2,1291,26,1737,2351,2744,2141,336,945,706,1474,7271,890,286,3249,1665,2025,607,852,667,1092,719,1359,898,1187,1044,2582,216,1443,573,483,685,239,232,20,1807,30,303,0,28,574,8,288,419
GSM1657982,14533,6986,2148,3932,4064,1445,2760,58,1894,1254,1938,0,91,767,2342,705,282,419,518,1695,0,965,4828,472,410,786,1004,1582,1036,1075,2214,367,87,1846,883,74,2157,1672,435,226,791,887,312,816,19,920,137,1317,1316,15
GSM1657983,5273,674,11,1436,1313,491,108,119,337,692,107,840,73,4,567,218,131,99,593,258,774,40,587,119,263,561,183,698,572,140,135,420,537,147,55,41,363,89,63,403,420,278,602,38,493,59,14,761,34,398
GSM1657984,7373,455,398,2610,582,276,403,566,97,259,163,451,9,233,533,505,10,143,565,169,1,36,431,23,136,260,292,103,287,311,10,278,750,531,456,650,401,45,13,127,1044,328,655,3,240,216,8,40,187,526
GSM1657985,14685,1162,419,2881,2124,1378,321,1877,276,453,166,564,185,128,788,989,268,263,923,864,559,469,1126,91,397,94,303,157,1147,1080,90,709,662,637,251,441,585,106,175,503,1116,644,2979,106,454,30,53,1539,136,1397
GSM1657986,9603,15300,6776,3078,2303,4068,1321,875,3569,828,2851,446,1606,1466,4137,501,899,1676,1094,1498,1015,1305,2671,1188,736,1036,2184,1116,3232,380,3119,1099,767,1359,1914,1350,202,1334,717,489,427,450,99,244,791,1029,470,968,1073,804
GSM1657987,5168,11232,7481,3510,1957,2098,72,1387,3091,1441,2091,1015,365,2190,1497,338,1020,1278,641,2852,1492,1721,2498,848,448,883,1953,1036,1644,885,3108,571,568,1303,1212,1804,676,1067,406,244,873,243,399,285,347,1051,980,1198,1429,702
