,ZNFX1,ZNHIT1,ZNHIT2,ZNHIT3,ZNHIT6,ZNRD1,ZNRD1-AS1,ZNRF1,ZNRF2,ZNRF2P1,ZNRF3,ZP3,ZPBP,ZPBP2,ZPLD1,ZRANB1,ZRANB2-AS1,ZRANB2-AS2,ZRANB3,ZRSR2,ZSCAN1,ZSCAN12,ZSCAN12P1,ZSCAN16,ZSCAN18,ZSCAN2,ZSCAN20,ZSCAN21,ZSCAN22,ZSCAN23,ZSCAN29,ZSCAN30,ZSCAN4,ZSCAN5A,ZSWIM1,ZSWIM3,ZSWIM4,ZSWIM5,ZSWIM7,ZUFSP,ZW10,ZWILCH,ZWINT,ZXDA,ZXDB,ZYG11A,ZYX,ZZEF1,ZZZ3,tAKR
GSM1658365,0,0,0,4,0,0,0,0,0,0,0,0,0,0,0,7,0,0,0,0,0,28,0,1,0,0,0,0,0,1,0,0,0,0,0,0,0,0,0,0,0,144,0,28,0,0,9,0,0,0
GSM1658366,0,0,0,0,0,0,0,0,0,0,0,0,0,0,0,0,0,0,0,0,0,0,0,0,0,0,0,0,1,0,0,0,0,0,0,0,0,0,0,0,0,0,0,0,0,0,6,0,7,0
GSM1658364,0,0,0,0,0,0,0,22,0,0,0,0,0,0,0,1,0,0,0,0,0,0,0,0,1,0,0,0,0,0,0,0,0,0,0,0,0,0,0,0,0,0,0,0,0,0,0,0,0,0
GSM1658363,0,76,0,0,0,0,0,206,0,0,0,0,0,0,0,461,0,0,0,0,0,0,0,0,0,0,0,0,0,0,241,0,0,0,0,0,0,0,0,0,0,0,0,0,0,0,0,0,4,0
GSM1658362,0,0,0,40,393,0,0,226,0,0,0,0,0,0,0,0,4,0,0,0,0,0,0,0,0,0,0,0,0,0,0,9,0,0,0,0,0,0,0,0,0,180,0,0,0,0,0,0,0,0
GSM1658361,0,0,0,0,0,0,0,353,0,0,0,0,0,0,0,363,0,0,0,4,0,0,0,0,68,0,0,0,0,0,0,0,0,0,0,0,1,0,0,0,0,1,0,0,0,0,0,1,0,0
GSM1658348,240,1,0,0,0,0,0,0,0,0,0,0,0,0,0,0,0,0,0,0,0,0,0,1,0,0,0,0,0,0,0,0,0,0,0,0,0,0,0,19,0,1,0,0,0,0,0,0,155,0
GSM1658350,0,0,0,32,8,0,0,0,0,0,0,0,0,0,0,0,0,0,0,0,0,0,0,0,0,0,0,0,0,0,0,0,0,0,0,0,0,0,0,0,0,0,109,0,0,0,0,3,0,0
GSM1658351,123,0,0,0,0,0,0,0,0,0,0,0,0,0,0,0,0,0,0,0,0,1,0,0,98,0,0,0,0,0,0,0,0,0,0,0,0,0,0,390,0,39,0,0,31,0,0,0,12,0
GSM1658352,0,17,0,110,0,4,0,82,0,0,0,0,0,0,0,215,0,0,0,0,0,124,0,0,2,0,0,0,0,0,0,0,0,0,0,0,0,4,7,6,0,404,0,0,0,0,28,2,327,0
GSM1658353,19,0,0,0,0,0,0,283,0,0,0,0,0,0,0,0,0,0,0,0,0,0,0,0,8,0,0,0,0,0,0,0,0,1,37,0,0,5,0,0,0,0,0,0,0,0,0,0,0,0
GSM1658354,0,0,0,3,0,0,0,13,0,0,0,0,0,0,0,0,0,0,0,92,0,0,0,0,1,0,0,0,0,0,0,0,0,0,0,0,0,0,0,0,0,0,0,0,15,0,116,0,0,0
GSM1658355,0,63,0,0,8,0,0,0,0,0,0,0,0,0,0,0,0,0,49,0,0,0,0,0,0,0,0,0,0,0,0,0,0,0,0,0,5,41,0,0,0,112,25,0,0,0,82,4,0,0
GSM1658356,1,0,0,0,0,0,0,0,0,0,0,0,0,0,0,14,18,0,0,0,0,7,0,0,42,1,0,0,0,0,0,0,0,0,0,0,0,13,0,0,0,0,0,0,0,0,11,0,0,0
GSM1658357,0,0,0,0,1,0,0,0,0,0,0,0,0,0,0,417,0,0,0,0,0,0,0,0,0,763,0,0,0,0,0,0,0,0,0,0,0,0,0,0,1328,0,0,0,0,0,0,0,0,0
GSM1658358,0,12,0,0,0,0,0,0,0,0,0,0,0,0,0,0,0,0,0,0,0,111,0,0,0,0,0,134,121,0,0,0,0,0,0,0,0,0,0,0,0,0,0,0,0,0,0,41,66,0
GSM1658359,0,0,0,0,5,0,0,0,0,0,0,0,0,0,0,0,0,0,0,0,0,0,0,0,0,0,0,0,0,0,0,0,0,1,0,0,7,0,0,0,0,0,0,0,0,0,0,0,0,0
GSM1658360,127,0,0,0,0,0,0,0,0,0,1,0,0,0,0,0,0,0,0,0,0,0,0,138,0,0,0,2,0,0,0,0,0,0,0,0,0,0,0,0,0,0,0,0,22,0,0,0,0,0
GSM1658244,0,1,0,77,0,0,0,2,0,0,0,0,0,0,0,847,0,0,0,22,0,597,0,0,0,0,0,0,0,0,0,8,0,0,0,0,0,31,0,0,0,0,0,0,0,0,29,79,0,0
GSM1658245,0,0,0,0,0,0,0,0,0,0,0,0,0,0,0,0,0,0,0,2,0,0,0,0,0,134,0,0,80,0,0,0,0,0,0,0,0,0,127,0,0,0,0,0,0,0,0,0,0,0
GSM1658246,11,0,0,67,138,0,0,8,0,0,0,0,0,0,0,0,0,0,18,57,0,0,0,0,0,0,0,0,0,0,19,0,0,0,0,0,0,0,0,0,0,0,0,457,0,0,0,0,178,0
GSM1658247,0,0,0,152,0,0,0,0,0,0,0,0,0,0,0,0,0,0,0,23,0,682,0,0,0,520,0,0,0,0,0,247,0,0,0,0,0,1,0,0,0,0,0,0,0,0,140,0,0,0
GSM1658248,0,0,0,0,0,0,0,5,0,0,0,0,0,0,0,0,7,0,0,0,0,0,0,3,0,0,0,0,0,0,0,0,0,0,0,0,0,3,0,0,0,1,0,0,0,0,0,0,4,0
GSM1658249,0,0,0,0,92,0,0,124,0,0,0,0,0,0,0,137,0,0,0,0,0,154,0,0,0,0,0,99,0,0,0,0,0,0,0,0,0,0,0,0,0,0,0,0,0,0,0,0,0,0
GSM1658251,42,0,0,0,0,0,0,0,0,0,0,0,0,0,0,3,0,0,0,1,0,0,0,0,9,0,0,0,0,0,0,0,0,0,79,0,0,0,0,0,0,0,0,0,0,0,0,0,0,0
GSM1658253,0,0,0,157,231,0,0,23,0,0,0,0,0,0,0,0,0,0,0,0,0,0,0,0,0,0,0,0,0,0,0,0,0,0,0,0,0,0,0,0,69,10,0,0,0,0,1,0,25,45
GSM1658255,151,0,0,230,0,0,0,1,0,0,0,0,0,0,0,126,1,0,0,2,0,0,0,0,0,0,0,0,1,0,0,0,0,0,0,0,0,57,0,0,0,12,0,0,0,0,0,16,0,0
GSM1658257,0,0,0,0,10,0,0,0,0,0,0,0,0,0,0,1,0,0,0,19,0,0,0,0,0,0,0,77,0,6,0,0,0,0,0,0,0,0,0,0,0,51,0,1,0,0,4,1,14,0
GSM1658259,161,18,0,0,211,0,0,6,0,0,1,0,0,0,0,0,0,0,0,15,0,1,0,179,0,0,0,0,0,0,0,19,0,0,8,0,22,3,0,0,0,106,0,0,0,0,160,49,0,0
GSM1658336,0,1,0,123,8,0,0,0,0,0,0,0,0,0,0,0,0,0,0,2,0,12,0,18,0,4,0,16,0,0,0,0,0,0,43,0,0,1,0,0,0,0,0,0,0,0,134,1,0,0
GSM1658337,0,210,0,0,0,0,0,0,0,0,0,0,0,0,0,0,0,0,0,0,0,0,0,0,76,0,0,0,0,0,1,393,0,0,0,0,0,0,0,262,0,0,0,0,0,0,113,0,0,0
GSM1658338,0,0,0,0,0,0,0,6,0,0,0,0,0,0,0,21,0,0,0,0,0,0,0,0,0,0,0,0,0,0,0,0,0,0,0,0,0,0,0,0,0,0,0,0,0,0,0,1,0,0
GSM1658339,4,47,0,74,6,0,0,11,5,0,0,0,0,0,0,94,0,0,0,0,0,0,0,0,56,0,0,0,0,0,0,0,0,0,7,0,0,0,0,23,0,97,0,0,0,0,64,142,0,0
GSM1658340,0,90,0,0,0,0,0,0,0,0,0,0,0,0,0,0,0,0,0,0,0,0,0,0,0,0,0,0,0,0,0,9,0,0,0,0,0,0,0,0,0,200,0,0,0,0,0,0,0,0
GSM1658341,0,0,0,0,1,0,0,113,0,0,0,0,0,0,0,0,0,0,0,0,0,1,0,0,0,0,0,0,0,0,1,0,0,0,0,0,0,0,0,0,0,0,0,0,0,0,0,0,0,0
GSM1658342,0,0,0,0,0,0,0,0,80,0,0,0,0,0,0,1,0,0,0,0,0,0,0,0,0,0,0,0,0,0,8,1,0,0,0,0,0,0,0,697,0,0,0,0,0,0,0,0,0,0
GSM1658343,0,9,0,0,0,0,0,43,0,0,0,0,0,0,0,62,0,0,0,1,0,0,0,0,37,0,0,0,0,0,14,0,0,0,0,0,0,0,0,5,0,3,0,0,4,0,0,0,0,0
GSM1658344,89,0,0,26,0,0,0,7,2,0,0,0,0,0,0,0,0,0,0,0,0,8,0,0,0,0,0,0,0,0,2,27,0,0,0,248,0,0,0,0,0,44,0,0,0,0,0,0,0,0
GSM1658345,0,0,0,0,0,0,0,0,0,0,0,0,0,0,0,2,0,0,0,0,0,0,0,0,0,1,0,0,0,0,0,0,0,0,0,0,0,0,0,0,0,0,0,0,0,0,1,0,0,0
GSM1658346,0,0,0,0,4,0,0,37,0,0,0,0,0,0,0,585,0,0,0,0,0,0,0,0,36,0,0,0,0,0,0,0,0,0,0,0,0,0,0,0,0,0,0,0,0,0,233,0,0,0
GSM1658347,0,0,0,0,179,0,5,0,0,0,0,0,0,0,0,0,0,0,0,0,0,0,0,0,93,0,0,0,0,0,0,0,0,0,0,0,1,0,0,1,0,0,191,0,0,0,4,0,0,0
GSM1658349,0,1,0,0,321,0,0,18,0,0,0,0,0,0,0,0,0,0,0,15,0,604,0,0,0,0,0,0,0,0,0,0,0,0,0,0,13,0,0,0,0,0,0,0,591,0,0,0,2,0
GSM1658262,20,1,0,25,0,0,0,0,0,0,0,0,0,0,0,0,0,0,0,0,0,0,0,2,0,0,0,0,0,0,0,0,0,39,0,0,0,0,2,0,0,79,0,0,0,0,0,0,70,0
GSM1658264,0,0,0,0,0,0,0,1,0,0,0,0,0,0,0,0,20,0,0,53,0,0,0,0,0,0,0,0,0,0,0,0,0,0,0,0,0,0,0,0,0,0,0,0,0,0,0,1,65,0
GSM1658266,0,0,0,0,1,0,0,0,0,0,0,0,1,0,0,0,0,0,0,9,0,0,0,7,4,0,0,0,0,0,0,0,0,0,0,0,0,25,16,163,0,164,0,0,0,0,0,4,0,0
GSM1658268,48,2,0,22,0,0,0,0,0,0,0,0,0,0,0,0,34,0,0,0,0,13,0,37,0,56,0,0,0,0,0,2,0,0,0,0,0,0,56,11,1,0,0,0,0,0,0,34,0,0
GSM1658270,3,2,0,0,0,0,0,0,0,0,0,0,0,0,0,0,11,0,0,2,0,0,0,0,0,269,0,10,0,0,1,1,0,0,0,0,0,397,0,0,0,0,0,463,0,0,3,0,0,0
GSM1658272,0,0,0,0,1,0,0,91,0,0,0,0,0,0,0,243,0,0,5,0,0,0,0,0,0,0,0,0,0,0,0,0,0,0,0,0,0,0,0,0,0,0,0,0,0,0,0,0,319,0
GSM1658275,0,1,0,0,0,0,0,0,0,0,0,0,0,0,0,0,0,0,0,0,0,0,1,0,0,0,0,1,0,0,125,0,0,0,0,0,0,0,104,1,1,0,0,0,0,0,0,0,0,0
GSM1658277,0,0,0,15,0,0,0,0,10,0,0,0,0,0,0,0,0,0,0,0,0,84,0,0,0,0,0,0,0,0,0,0,0,0,0,0,0,0,0,0,0,0,0,0,0,0,0,8,0,0
GSM1658279,12,0,0,0,0,0,0,1,0,0,0,0,0,0,0,0,0,0,0,0,0,0,0,0,22,0,0,0,0,0,14,0,0,0,0,0,0,0,0,0,0,0,0,0,0,12,1,0,0,0
GSM1658281,0,6,0,66,0,0,0,32,0,0,0,0,0,0,0,14,3,0,0,0,0,0,0,0,0,0,0,7,0,0,123,0,0,0,0,0,0,0,0,29,0,0,0,0,0,0,0,0,0,0
GSM1658284,162,0,0,274,80,0,0,11,0,0,0,0,0,0,0,0,0,0,0,0,0,0,0,0,0,0,0,0,0,0,0,0,0,0,0,0,0,0,0,0,0,0,0,0,0,0,0,105,0,0
GSM1658286,0,1,0,0,0,0,0,23,0,0,0,0,0,0,1,0,0,0,0,0,0,633,0,0,0,0,0,0,0,0,0,0,0,0,0,0,0,0,0,0,0,0,0,0,0,0,0,4,0,0
GSM1658288,0,0,0,1,0,0,0,0,0,0,0,0,0,6,0,0,43,0,0,0,0,0,0,0,0,0,0,0,0,0,0,0,0,0,27,0,0,0,0,0,0,0,0,0,0,0,0,1,0,0
GSM1658290,0,0,0,124,0,0,0,0,0,0,0,0,0,0,0,0,0,0,0,0,0,0,0,0,0,0,0,0,0,0,0,0,0,0,0,0,0,0,0,0,0,0,0,212,0,0,0,75,0,0
GSM1658292,0,0,0,0,111,0,0,0,0,0,0,0,0,0,0,38,0,0,1,2,0,12,0,0,15,0,0,12,0,30,0,6,0,0,7,0,0,35,0,0,0,29,0,0,34,0,0,2,0,0
GSM1658294,0,0,0,1,45,0,0,0,3,0,0,0,0,0,0,25,0,0,0,3,0,0,0,0,7,8,0,3,0,4,0,0,0,0,0,0,0,0,1,0,0,234,0,0,0,1,0,63,207,0
GSM1658297,21,0,0,0,0,0,0,0,0,0,0,0,0,0,0,0,0,0,0,0,0,0,0,0,0,0,0,0,0,0,0,0,0,0,127,0,0,0,0,0,0,0,0,0,63,0,0,0,0,0
GSM1658299,72,1,0,0,0,0,0,62,0,0,0,0,0,0,0,124,7,0,0,46,2,0,0,0,0,0,0,0,0,0,0,37,0,0,0,0,0,0,26,35,40,64,0,0,0,0,0,0,0,0
GSM1658301,3,0,0,0,0,0,0,2,0,0,0,0,0,0,0,0,0,0,0,0,0,0,0,0,0,0,14,3,0,0,0,0,0,0,0,0,1,5,0,0,0,0,0,0,129,0,83,0,0,0
GSM1658304,0,0,0,0,0,0,0,0,0,0,0,0,0,0,0,0,0,0,0,64,0,0,0,0,0,0,0,0,0,0,0,0,0,0,0,0,0,0,0,0,0,0,0,0,0,0,0,80,0,0
GSM1658305,0,18,0,0,0,0,0,20,0,0,0,0,0,0,0,0,0,0,0,0,0,0,0,0,0,0,0,81,0,0,0,0,0,0,0,0,0,0,0,107,0,0,0,0,0,0,0,0,17,0
GSM1658306,0,0,0,1,0,0,0,0,0,0,0,0,0,0,0,0,0,0,0,0,0,0,0,0,33,0,0,0,0,0,0,0,0,0,0,0,0,0,0,0,0,0,0,0,0,0,0,206,0,0
GSM1658307,0,0,0,10,0,0,0,34,0,0,0,0,0,0,0,8,0,0,0,0,0,0,0,0,0,0,0,0,0,0,0,0,0,0,15,0,0,0,0,0,0,0,0,1,0,0,223,0,0,0
GSM1658308,0,12,0,0,0,0,0,0,0,0,0,0,0,0,0,918,0,0,0,0,0,0,0,0,30,0,0,2,0,0,0,0,0,0,0,0,21,0,2,0,0,0,0,0,0,0,0,0,0,0
GSM1658309,0,0,0,0,0,0,0,0,0,0,0,0,0,0,0,0,0,0,0,1,0,0,0,0,24,22,0,37,0,0,0,0,0,0,0,0,0,0,0,3,0,0,0,0,0,0,14,2,0,0
GSM1658310,0,30,0,0,0,0,0,0,0,0,0,0,0,0,0,0,0,0,0,7,0,0,0,0,0,0,0,0,0,0,0,0,0,0,0,0,0,0,0,0,0,0,0,0,0,0,0,0,405,0
GSM1658311,0,0,0,0,0,0,0,0,0,0,0,0,0,0,0,36,0,0,0,0,0,0,0,0,0,149,0,0,0,0,0,0,0,0,2,0,0,0,4,0,0,0,0,5,0,0,0,5,0,0
GSM1658312,0,0,0,0,0,0,0,15,0,0,0,0,0,0,0,0,0,0,0,0,0,0,0,0,0,0,0,0,0,0,0,0,0,0,52,0,0,0,0,0,0,0,0,0,0,0,0,0,0,0
GSM1658313,1,27,0,96,0,0,0,16,31,0,0,0,0,0,0,0,0,0,0,0,0,0,0,0,7,0,0,0,0,0,0,0,0,0,0,0,0,0,0,0,0,0,0,17,0,0,0,33,0,0
GSM1658314,0,0,0,182,36,0,0,186,0,0,0,0,0,0,0,53,0,0,0,0,0,0,0,0,19,0,0,0,0,0,80,65,0,0,0,0,0,70,0,0,0,1,0,0,0,0,0,2,0,0
GSM1658315,0,7,0,0,9,0,0,0,0,0,0,0,0,0,0,12,0,0,0,0,0,0,0,0,0,109,0,0,0,0,0,0,0,0,0,0,0,0,0,0,0,0,0,0,0,0,0,0,0,0
GSM1658316,0,0,0,0,0,0,0,0,0,0,0,0,0,0,0,1,0,0,0,15,0,0,0,0,25,0,0,0,0,0,0,0,0,0,0,0,0,0,0,0,0,0,0,0,0,0,0,34,0,0
GSM1658317,0,0,0,0,0,7,0,11,0,0,0,0,0,0,0,0,0,0,0,0,0,0,0,0,7,0,0,0,0,0,0,0,0,0,17,0,0,0,0,0,0,0,0,0,0,0,0,16,0,0
GSM1658318,0,0,0,0,0,0,0,9,0,0,0,0,0,0,0,339,0,0,0,0,0,0,0,0,0,0,0,0,0,0,0,0,0,0,0,0,0,0,19,216,0,82,0,0,0,0,0,6,0,0
GSM1658319,0,0,0,17,0,0,0,1,0,0,0,0,0,0,0,0,0,0,0,0,0,0,0,0,0,0,0,0,0,0,0,0,0,0,0,0,0,0,0,0,0,0,0,0,0,0,0,0,0,0
GSM1658320,0,0,0,4,0,0,0,0,0,0,0,0,0,0,0,0,0,0,0,0,0,0,0,0,0,17,0,0,0,0,0,0,0,0,119,0,0,0,0,0,0,0,0,0,0,0,0,0,0,0
GSM1658321,0,0,0,0,0,0,0,0,0,0,0,0,0,0,0,149,0,0,0,0,0,0,0,0,241,0,0,0,0,0,0,0,0,0,0,0,0,0,0,0,0,0,0,0,0,0,0,60,0,0
GSM1658322,34,23,0,1,0,0,0,3,0,0,0,0,0,0,0,0,0,0,0,0,0,0,0,0,0,0,0,0,0,0,3,0,0,0,1,0,0,0,0,0,0,0,0,0,0,0,1,0,0,0
GSM1658323,0,1,0,9,1,0,0,13,57,0,0,0,0,0,0,0,0,0,2,0,0,0,0,0,0,1,0,0,0,5,94,0,0,0,8,0,0,6,0,0,101,0,0,0,0,0,0,0,0,0
GSM1658324,0,0,0,0,79,0,0,0,0,0,0,0,0,0,0,27,0,0,0,0,0,0,0,0,52,0,0,33,0,0,0,0,0,0,0,0,0,0,0,0,0,0,0,0,0,0,64,0,0,0
GSM1658325,0,0,0,0,0,0,0,0,0,0,0,0,0,0,0,16,0,0,0,3,0,4,0,0,0,0,0,0,0,0,0,0,0,0,0,0,0,0,0,0,0,0,0,0,0,0,1,17,0,0
GSM1658326,0,0,0,0,0,0,0,0,0,0,0,0,0,0,0,0,0,0,0,2,0,0,0,44,1,14,0,0,0,0,0,0,0,0,0,0,0,0,0,0,0,0,0,0,0,0,0,0,66,0
GSM1658327,0,0,0,0,0,0,0,0,0,0,2,0,0,0,0,13,0,0,0,0,0,0,0,0,0,0,0,0,0,0,128,0,0,0,0,0,0,0,0,3,0,0,0,0,0,0,0,42,13,0
GSM1658328,0,64,0,157,0,0,0,1,232,0,0,0,0,0,0,0,0,0,0,24,0,0,0,0,1,0,0,0,0,0,0,0,0,0,0,0,0,0,0,0,0,61,0,0,0,0,0,39,0,0
GSM1658329,0,0,0,2,0,0,0,119,0,0,0,0,0,0,0,0,0,0,0,0,0,0,0,0,0,0,0,0,0,0,0,0,0,0,37,0,0,0,0,0,0,0,0,0,0,0,0,0,207,0
GSM1658330,12,1,0,14,0,0,0,3,0,0,0,0,0,0,0,0,0,0,0,0,0,0,0,0,0,0,0,0,0,0,0,0,0,0,0,0,0,0,0,991,0,0,0,0,0,0,0,0,137,0
GSM1658331,6,0,0,0,0,0,0,1,0,0,0,0,0,0,0,0,0,0,0,0,0,0,0,0,0,0,0,55,0,17,0,0,0,0,0,0,0,0,0,0,0,0,0,104,0,0,0,0,0,0
GSM1658332,0,0,0,0,0,0,0,0,0,0,0,0,0,0,0,0,0,0,0,0,0,0,1178,0,0,0,0,0,0,0,0,0,0,0,0,0,0,0,0,0,0,0,0,0,0,0,0,31,63,0
GSM1658078,8,5,0,0,404,0,0,19,0,0,697,0,0,0,0,73,0,0,0,0,0,0,0,0,1,0,0,0,0,0,0,21,0,0,9,0,0,48,15,0,0,0,0,8,0,0,1,118,0,0
GSM1658079,75,0,0,41,0,0,0,0,156,0,1095,0,0,0,0,129,0,0,0,0,0,37,0,0,1,0,0,1,0,0,0,29,0,0,0,0,0,2,28,229,0,0,0,8,0,0,0,32,55,0
GSM1658080,1,65,0,242,0,0,0,0,0,0,9,0,0,0,0,0,0,0,0,11,0,0,0,491,12,0,0,0,563,0,0,0,0,0,0,0,0,4,3,0,82,0,0,16,0,0,0,1,0,0
GSM1658081,1,0,0,1,7,0,0,0,0,0,89,0,0,0,0,202,0,0,0,0,0,0,0,0,38,0,0,0,0,0,0,0,0,0,0,0,0,6,0,0,0,0,0,5,0,0,0,1,0,0
GSM1658082,60,0,0,0,0,0,0,0,0,0,27,0,0,0,0,0,0,0,0,4,0,0,0,0,0,0,0,25,0,0,0,0,0,0,0,0,0,7,0,0,0,0,0,35,0,0,0,0,154,0
GSM1658083,64,0,0,0,3,0,0,0,0,0,0,0,0,0,0,432,0,0,0,0,0,0,0,0,30,0,0,0,0,0,0,201,0,0,0,0,0,0,0,1,0,0,0,0,0,0,0,94,2,0
GSM1658084,5,3,1,0,56,0,0,18,0,0,0,0,0,0,0,0,0,0,42,0,0,0,0,0,22,14,0,9,0,0,0,3,0,0,0,0,0,0,21,0,0,0,0,0,0,0,36,0,5,0
GSM1658085,507,0,0,0,0,0,0,0,0,0,0,0,0,0,0,0,0,0,0,0,0,0,0,0,1,0,0,0,31,0,0,0,0,0,0,0,0,0,0,0,0,0,0,0,0,0,206,18,246,0
GSM1658086,0,6,0,0,0,0,0,0,0,0,0,0,0,0,0,13,0,0,0,0,0,0,0,0,0,0,0,0,0,0,0,0,0,0,37,0,9,0,0,0,0,0,0,0,0,0,0,1,17,0
GSM1658087,0,0,0,73,150,0,0,61,0,0,0,0,0,0,0,12,4,0,0,4,0,7,0,0,80,0,0,0,0,0,0,0,0,0,6,2,0,0,0,12,0,0,0,0,0,0,7,162,59,40
GSM1658163,0,0,0,101,0,0,0,0,0,0,0,0,0,0,0,3,0,0,0,2,0,0,0,0,37,0,0,0,0,0,0,0,0,0,0,49,1,0,0,229,0,0,0,0,0,18,14,1,226,0
GSM1658166,0,0,0,34,270,0,0,0,0,0,8,0,0,0,0,0,0,0,22,1,0,0,137,0,2,0,0,1,0,2,1,0,0,0,0,0,0,0,51,426,0,14,0,4,0,0,0,78,127,0
GSM1658167,0,0,0,354,1,0,0,0,0,0,0,0,0,0,0,0,0,0,0,0,0,0,0,0,0,0,0,0,0,0,0,171,0,0,0,0,0,0,0,0,0,0,0,0,0,0,0,0,0,0
GSM1658168,72,0,0,25,0,0,0,0,10,0,3,0,0,0,0,25,0,0,0,0,0,0,0,0,6,0,0,31,0,0,0,0,0,0,0,0,0,0,0,18,0,0,0,0,0,0,0,10,0,0
GSM1658169,0,3,0,44,18,0,0,35,1,2,0,0,0,0,0,0,0,0,32,0,4,0,0,0,35,0,0,0,0,0,0,0,0,0,61,0,0,0,1,0,0,0,0,10,0,0,76,0,3,0
GSM1658170,120,17,0,22,42,0,0,0,0,0,0,0,0,0,0,10,6,0,33,0,0,11,0,0,0,0,0,0,0,0,0,0,0,0,0,0,0,0,19,0,68,0,57,0,0,0,21,6,0,0
GSM1658171,0,0,0,522,0,0,0,0,0,0,0,0,0,0,0,2,0,0,1,2,0,0,0,1,447,0,0,0,6,0,433,0,0,0,0,0,1,0,0,25,0,0,0,0,0,1,0,6,7,0
GSM1658172,110,10,0,14,61,0,0,1,0,0,0,0,0,0,0,0,1,0,375,52,0,11,0,97,15,0,0,0,52,0,0,0,0,0,0,7,0,55,0,0,0,0,0,0,0,0,0,16,0,0
GSM1658173,0,19,5,0,204,0,0,0,0,0,0,0,0,0,0,865,0,0,0,42,0,9,0,0,0,0,0,0,0,0,0,0,0,0,0,0,0,0,0,0,0,0,0,0,0,0,0,0,31,0
GSM1658174,0,0,0,32,0,0,0,0,0,0,0,0,0,0,0,272,0,0,0,0,0,0,0,0,14,0,0,0,0,0,0,0,0,0,0,0,0,0,0,0,0,0,0,0,0,0,0,0,181,0
GSM1658175,0,0,0,0,0,0,0,1,0,0,0,0,0,0,0,0,0,0,0,2,0,0,0,0,0,0,0,0,0,30,1,0,0,0,0,0,0,0,0,126,0,0,0,0,0,0,0,100,0,0
GSM1658176,0,1,0,99,0,0,0,1,1,0,8,0,0,0,0,34,0,0,0,0,3,0,0,0,15,0,0,0,0,0,41,0,0,0,41,0,0,0,16,10,280,0,0,0,0,0,1,16,9,0
GSM1658177,13,0,0,227,114,0,0,0,8,0,0,0,0,0,0,0,0,0,0,21,0,0,0,0,0,0,0,0,0,0,2,0,0,0,4,0,0,0,6,0,0,0,0,0,0,0,0,24,10,0
GSM1658179,20,45,22,52,258,0,19,6,0,0,0,1,0,0,0,0,0,0,0,5,1,0,0,0,50,0,29,15,0,0,3,0,0,0,0,0,0,0,27,25,0,0,0,0,0,9,1,0,100,0
GSM1658180,267,0,0,0,0,0,0,0,24,0,1,0,0,0,0,0,0,0,0,55,0,0,0,0,67,0,0,0,1,0,0,0,0,0,0,0,1,0,2,0,0,0,0,1,0,0,0,1,1255,0
GSM1658181,0,0,0,27,0,0,0,0,19,0,0,0,0,0,0,84,0,0,0,2,0,0,0,0,3,0,0,0,0,0,0,0,0,0,0,0,0,0,10,0,0,0,0,0,0,0,0,2,11,0
GSM1658182,0,5,0,2,0,0,0,0,0,0,0,0,0,0,0,79,0,0,0,9,0,0,0,0,0,0,0,1,0,0,0,0,0,0,0,0,0,0,0,2,0,0,0,0,11,0,0,0,0,0
GSM1658184,0,0,0,23,0,0,0,0,0,0,154,0,0,0,0,0,0,0,0,30,0,0,0,0,8,0,0,0,0,0,0,0,0,0,0,0,0,2,7,0,0,0,0,0,112,0,0,0,2,0
GSM1658185,0,0,0,0,0,0,0,0,0,0,0,0,0,0,0,0,0,0,0,0,0,0,0,0,0,0,0,0,0,0,0,0,0,0,0,0,0,0,0,0,0,0,0,0,0,0,0,0,0,0
GSM1658186,0,0,0,0,0,0,0,0,0,0,0,0,0,219,0,417,0,0,0,0,0,0,0,0,0,0,0,0,0,0,0,0,4,0,0,0,0,0,55,0,0,0,0,0,0,0,0,0,0,0
GSM1658187,35,2,0,0,0,0,0,0,5,0,2,0,0,0,0,0,0,0,0,2,0,0,0,0,0,0,0,0,0,0,0,0,0,0,0,0,0,0,0,0,0,0,0,0,0,0,0,15,0,0
GSM1658188,0,0,0,507,0,0,0,0,1383,0,0,0,0,0,0,0,0,0,0,0,0,0,0,0,0,0,0,0,0,0,0,0,0,0,0,0,0,0,0,0,0,0,0,0,0,0,0,0,0,0
GSM1658189,783,0,0,0,0,0,0,0,0,0,0,0,0,0,0,0,0,0,0,0,0,0,0,0,0,0,0,0,0,0,0,0,0,0,0,0,0,0,0,0,0,0,0,0,0,0,1,0,0,0
GSM1658190,0,0,0,10,0,0,0,0,0,0,20,0,0,0,0,0,0,0,1003,0,0,0,0,0,6,0,0,0,0,0,0,0,0,0,0,0,0,0,0,7,0,0,0,0,0,0,0,3,0,0
GSM1658191,0,0,0,0,0,0,0,0,0,0,0,0,0,0,0,0,0,0,0,10,0,0,0,0,0,0,0,0,0,0,0,0,0,0,0,0,0,0,1,0,0,0,1,0,0,0,0,0,0,0
GSM1658192,0,0,0,0,120,0,0,1,0,0,0,0,0,0,0,0,0,0,0,0,7,0,0,0,40,0,0,4,2,0,0,0,0,0,0,0,1,0,0,0,0,0,0,0,0,0,0,51,1,0
GSM1658193,0,0,0,0,0,0,0,0,0,0,1,0,0,0,0,0,26,0,0,0,0,0,0,0,0,0,0,0,0,0,0,11,0,0,0,0,0,0,0,0,0,0,0,0,0,0,0,0,0,0
GSM1658194,0,0,0,0,0,0,0,0,0,0,0,0,0,0,0,0,0,0,0,16,0,0,0,0,37,0,0,0,0,5,0,0,0,0,0,0,0,10,0,2,0,0,0,0,0,0,1,0,0,0
GSM1658195,0,9,0,53,4,0,0,3,0,0,0,0,0,0,0,108,0,0,0,7,0,8,0,0,0,0,0,0,0,0,0,0,0,0,0,0,0,0,0,0,4,0,0,0,0,0,0,0,0,0
GSM1658196,0,0,0,0,0,0,0,0,0,0,0,0,0,0,0,0,0,0,0,0,0,0,0,0,0,0,0,0,0,0,0,0,0,0,0,0,0,0,0,0,0,0,0,0,0,0,38,108,319,0
GSM1658197,0,0,0,0,0,0,0,0,0,0,0,0,0,0,0,0,0,0,0,0,0,0,0,0,0,0,0,0,0,0,0,0,0,0,5,0,0,0,0,0,1,0,0,0,0,0,0,0,12,0
GSM1658198,0,0,0,0,0,0,0,0,0,0,0,0,0,0,0,0,0,0,0,0,0,0,0,0,1,0,0,0,0,0,0,0,0,0,0,0,6,0,0,0,0,0,0,0,0,0,0,0,3,0
GSM1658199,119,0,0,0,67,0,0,0,0,0,0,0,0,0,0,0,0,0,0,0,0,0,0,0,0,0,0,0,0,0,0,0,0,0,1,0,2,0,0,0,0,0,0,0,0,0,0,0,0,0
GSM1658200,0,9,0,0,0,44,0,0,0,0,0,0,0,0,0,474,0,0,3,0,0,0,0,0,0,0,0,0,0,0,0,0,0,0,0,0,0,0,7,0,0,0,0,0,0,0,0,0,0,0
GSM1658201,0,0,0,0,0,0,0,1,0,0,158,0,0,0,0,3,0,0,0,0,0,0,0,0,0,0,0,0,0,0,0,18,0,0,0,9,0,0,0,0,0,0,0,0,0,0,0,1,0,0
GSM1658202,0,0,0,276,0,0,0,0,0,0,0,0,0,0,0,9,0,0,0,0,0,0,0,0,0,0,0,0,0,0,0,0,0,0,0,0,0,1,138,0,0,0,0,0,0,0,0,28,0,0
GSM1658203,0,0,0,48,208,0,0,25,2,0,0,4,0,0,0,3,0,0,1,3,0,0,0,0,1,0,0,0,0,0,0,0,0,0,8,0,2,0,8,0,0,231,9,0,0,0,0,0,54,0
GSM1658204,0,0,0,0,0,0,0,0,0,0,0,0,0,0,0,0,0,0,0,75,0,0,0,0,3,0,0,0,0,0,2,0,0,0,0,0,0,3,79,660,314,0,1726,0,0,0,0,0,0,0
GSM1658205,0,0,0,0,0,0,0,0,0,0,0,0,0,0,0,1,0,0,0,0,0,0,0,0,1,0,0,0,0,0,5,0,0,0,0,0,0,2,0,0,0,0,0,0,0,0,0,0,0,0
GSM1658206,0,3,0,0,0,0,0,0,0,0,0,1,0,0,0,0,0,0,0,0,4,0,0,0,19,0,0,0,0,0,0,0,0,0,31,0,0,0,0,0,0,0,8,0,0,0,0,460,359,0
GSM1658207,0,0,0,27,0,0,0,2,0,0,0,0,0,0,0,0,0,0,0,0,0,0,0,0,4,0,0,0,0,0,0,3,0,0,0,0,170,1,0,169,0,0,0,0,0,0,0,0,1,0
GSM1658208,0,0,0,0,0,0,0,0,0,0,1,0,0,0,0,0,0,0,0,19,0,0,0,0,0,0,0,0,0,0,2064,1344,0,0,0,0,0,1,0,0,0,0,0,0,0,0,0,0,0,0
GSM1658209,1,0,0,0,0,0,0,0,0,0,0,0,0,0,0,1,13,0,0,13,0,0,0,1,1,0,0,0,0,0,0,0,0,0,2,0,0,1,0,0,0,0,0,0,0,0,0,0,433,0
GSM1658210,0,0,0,0,0,0,0,0,0,0,0,0,0,0,0,7,0,0,0,0,0,0,0,0,22,0,0,0,0,0,0,0,0,0,0,0,1,0,0,9,217,189,706,0,0,0,0,0,0,0
GSM1658211,0,0,0,0,15,0,0,3,0,0,43,0,0,0,0,0,0,0,0,0,0,0,0,0,1,0,0,0,0,0,0,10,0,0,14,0,0,1,0,0,0,0,0,0,0,0,4,0,80,0
GSM1658212,0,0,0,0,55,0,0,1153,0,0,0,0,0,0,0,3,0,0,0,0,0,0,0,0,8,0,0,0,0,0,2,0,0,0,0,0,0,5,72,0,0,0,0,0,0,0,0,0,0,0
GSM1658213,3,24,0,0,4,0,0,0,0,0,0,0,0,0,0,233,0,0,0,15,3,0,0,399,1,0,0,0,0,0,0,0,0,0,0,0,4,0,1,0,0,0,0,0,0,0,1,0,0,0
GSM1658214,0,0,0,0,149,0,0,21,0,0,0,0,0,0,0,0,0,0,0,0,10,0,0,0,1,0,0,16,0,0,4,0,0,0,0,0,0,0,0,0,1,1,0,106,0,0,4,0,0,0
GSM1658215,37,67,0,0,968,0,0,294,0,0,0,0,0,1,0,3,0,0,0,8,0,0,0,0,0,0,0,0,0,0,0,0,0,0,139,0,0,3,0,588,0,14,203,1,0,0,0,0,1050,0
GSM1658216,1,119,0,0,0,0,0,41,0,0,0,0,0,0,0,1,0,0,0,64,0,0,0,1003,2,0,0,0,67,0,0,0,0,0,0,0,0,9,0,0,0,0,0,0,0,0,2,0,461,0
GSM1658217,2,0,0,0,0,0,0,1,0,0,0,0,0,0,0,4,0,0,0,0,0,0,0,0,8,1233,0,0,0,0,0,0,0,0,0,0,0,6,0,0,0,0,0,0,0,0,0,428,0,0
GSM1658218,0,17,1,0,0,0,0,0,0,0,0,1,0,0,0,0,0,0,1,0,1,0,0,0,0,0,85,0,0,0,0,0,0,0,0,0,0,0,0,0,0,0,0,0,0,0,0,0,0,0
GSM1658219,0,0,0,0,0,0,0,0,0,0,0,0,0,0,0,0,0,0,0,0,0,29,0,0,0,0,0,0,0,0,0,0,0,0,0,0,0,0,69,0,0,0,617,0,0,0,34,0,5,0
GSM1658220,0,0,0,36,234,0,0,0,0,0,0,0,0,0,0,1,0,0,0,0,0,25,0,0,0,3,0,20,0,0,0,0,0,0,1,0,0,0,18,0,0,520,0,0,0,0,0,0,0,0
GSM1658221,0,0,0,0,249,0,0,0,0,0,1,0,0,0,0,0,0,0,1,0,0,0,0,0,10,157,0,0,0,0,0,0,0,0,0,0,0,8,0,0,0,0,0,0,0,0,0,0,0,0
GSM1658222,0,0,0,0,0,0,0,0,0,0,0,0,0,0,0,0,0,0,0,0,0,1,0,0,0,0,0,0,0,0,0,0,0,0,18,0,0,0,0,34,0,2,58,0,0,0,0,0,0,0
GSM1658223,1,0,0,0,0,0,0,0,0,0,0,0,0,0,0,2,0,0,0,0,0,0,0,0,1,1,0,0,0,0,128,0,0,0,0,0,0,1,0,0,0,0,0,0,0,0,0,1,0,0
GSM1658224,0,0,0,0,0,0,0,0,0,0,0,6,0,0,0,1,0,0,0,0,0,0,0,17,7,0,0,0,0,0,0,0,0,0,1,0,0,0,2,0,0,0,0,0,0,0,0,0,0,0
GSM1658225,0,0,0,0,0,0,0,0,0,0,0,0,0,0,0,0,0,0,0,0,0,1,0,78,0,0,0,0,0,0,0,0,0,0,0,0,0,0,0,190,0,0,0,0,0,0,16,1108,0,0
GSM1658226,539,0,0,0,0,0,0,0,0,0,0,0,0,0,0,0,0,0,0,16,0,0,0,0,0,0,0,0,0,0,0,0,0,0,0,0,0,0,44,0,0,0,0,0,0,0,0,0,0,0
GSM1658227,0,0,0,0,0,0,0,1,27,0,0,0,0,0,0,28,0,0,0,0,0,0,0,0,1,0,0,0,0,0,0,0,0,0,4,0,0,0,0,0,0,0,0,0,0,0,0,58,0,0
GSM1658228,0,0,0,352,0,0,0,0,0,0,0,0,0,0,0,4,0,0,0,22,0,0,0,1,8,0,0,175,0,0,0,0,0,0,0,0,0,0,0,0,0,0,0,0,0,0,0,20,0,0
GSM1658229,0,0,0,0,0,0,0,144,0,0,0,0,0,70,0,0,0,0,34,0,0,0,0,0,66,0,0,0,0,0,0,0,0,0,0,0,0,0,227,0,0,0,0,0,0,0,0,1,0,0
GSM1658230,0,0,36,3,0,0,0,0,28,0,0,0,0,0,0,0,0,0,0,0,0,0,0,0,0,0,0,0,0,0,0,0,0,0,0,0,0,0,0,0,0,0,0,0,0,0,0,150,99,0
GSM1658231,0,0,0,0,0,0,0,1,0,0,0,0,0,0,0,745,0,0,0,0,0,0,0,0,40,0,0,0,0,1,2,0,0,0,0,0,0,0,0,77,0,0,0,0,0,0,1,0,3,0
GSM1658232,0,1,0,0,2,0,0,0,0,0,0,0,0,0,0,0,0,0,0,0,0,0,0,0,0,0,0,0,0,0,0,0,0,0,0,0,0,0,0,0,0,0,0,1,0,0,40,0,0,0
GSM1658233,10,0,0,47,0,0,0,51,0,0,0,0,0,0,0,1,0,0,0,0,0,0,139,0,0,0,0,0,378,0,0,0,0,0,0,0,0,0,0,0,0,0,0,0,0,0,0,3,0,0
GSM1658234,175,0,0,0,0,0,3,1,0,0,0,0,0,0,0,0,2,0,0,68,0,0,0,0,1,0,0,0,0,30,0,0,1,0,0,0,0,0,0,0,0,0,0,0,0,0,0,0,250,0
GSM1658235,0,0,0,167,1,0,0,1,107,0,0,0,0,0,0,27,0,0,0,0,0,0,0,0,0,0,0,0,0,0,0,0,0,0,0,0,0,0,0,0,0,807,0,0,0,0,0,0,32,0
GSM1658236,0,0,0,0,0,0,0,0,0,0,0,0,0,0,0,0,0,0,0,27,0,0,0,0,0,0,248,0,0,0,0,0,0,0,0,0,0,36,0,0,0,0,0,0,0,0,0,0,0,0
GSM1658237,0,0,0,0,11,0,0,1,0,0,0,0,0,0,0,0,0,0,0,0,0,0,0,0,0,0,0,0,11,0,0,0,0,0,102,0,0,0,0,0,0,26,0,0,0,0,205,1,84,0
GSM1658238,0,0,0,41,30,0,0,1,0,0,0,0,0,0,0,0,0,0,0,2,0,0,0,0,0,0,0,0,0,0,248,0,0,0,2,0,0,0,0,0,0,0,0,0,0,1,50,0,0,0
GSM1658239,0,0,0,0,0,0,0,0,4,0,6,0,0,0,0,51,0,0,0,3,0,0,0,0,0,0,0,40,0,0,8,1,0,0,0,0,0,0,0,3,0,0,0,0,0,0,0,0,107,0
GSM1658240,100,0,0,0,0,0,0,1,0,2,0,0,0,0,0,0,0,0,0,0,0,1074,0,4,0,0,0,0,0,0,0,0,0,0,0,0,0,0,0,0,0,0,0,229,0,0,0,10,3,0
GSM1658241,24,1,0,0,0,0,0,87,1,0,0,0,0,0,0,1,0,0,0,0,0,0,0,0,5,0,0,0,0,0,0,0,0,0,1,0,0,0,0,0,0,0,0,0,0,0,0,50,0,0
GSM1658242,0,0,0,0,296,0,0,13,0,0,0,0,0,0,0,0,49,0,0,0,0,0,0,0,0,0,0,0,0,0,0,0,0,0,0,0,0,0,0,196,0,0,92,0,0,0,0,0,0,0
GSM1658243,0,0,0,0,0,0,0,0,5,0,0,1,0,0,0,180,0,0,0,0,0,0,0,0,0,0,0,0,0,0,189,0,0,0,0,0,0,0,1,0,0,0,0,0,0,0,0,0,2,0
GSM1658333,0,0,0,401,0,0,0,0,0,0,0,0,0,0,0,125,0,0,0,0,0,86,0,0,1,0,0,0,0,0,0,0,0,0,1,0,0,0,0,11,0,4,0,0,0,0,0,0,0,0
GSM1658334,0,0,0,0,0,0,0,23,0,0,0,0,0,0,0,0,0,0,0,0,0,0,0,560,0,0,0,0,0,0,0,0,0,0,0,0,0,449,0,0,0,0,0,0,0,0,31,0,2,0
GSM1658335,0,0,0,9,0,0,0,0,0,0,0,0,0,0,0,0,0,0,0,0,0,0,0,0,0,0,0,0,0,0,1,0,0,0,0,0,0,7,0,0,0,0,0,0,0,0,0,0,0,0
GSM1657877,0,0,0,1,281,0,0,0,0,0,7,0,0,0,0,0,0,0,0,0,0,0,0,0,0,0,0,0,0,0,555,0,0,0,0,0,0,0,0,3,0,0,0,0,0,0,0,0,2,0
GSM1657881,0,0,0,20,0,0,0,0,0,0,87,0,0,0,0,0,0,0,0,3,0,0,0,0,0,0,0,0,0,0,0,0,0,0,0,0,0,0,0,23,0,0,0,0,0,0,0,0,172,0
GSM1657988,0,7,0,1,2,0,0,0,0,0,0,0,0,0,0,0,0,0,6,78,0,89,0,0,159,0,0,0,1,0,0,0,0,0,2,0,0,0,0,0,0,0,0,0,0,0,0,0,0,0
GSM1657989,0,0,0,10,1,0,0,13,0,0,0,0,0,0,0,0,0,0,0,0,0,0,0,0,35,0,0,34,0,0,0,0,0,0,71,0,0,0,0,0,0,0,0,0,0,0,0,0,7,0
GSM1657990,11,0,0,0,0,0,0,0,0,0,0,0,0,0,0,110,0,0,0,3,0,0,0,0,38,0,0,71,0,0,6,0,0,0,0,0,0,0,13,41,8,0,0,0,0,0,102,24,5,0
GSM1657991,0,0,0,0,0,0,0,0,1,0,0,0,0,0,0,0,0,0,0,1,0,1,10,0,0,0,0,17,0,0,0,7,0,0,0,0,0,0,1,87,0,0,0,0,0,0,0,31,0,0
GSM1657992,0,0,0,0,0,0,0,0,0,0,108,0,0,0,0,0,4,0,0,0,0,0,0,0,0,0,0,0,0,0,0,0,0,0,70,0,0,0,4,0,0,0,0,0,0,0,197,108,0,0
GSM1657993,2,4,0,0,0,0,0,0,0,0,0,0,0,0,0,0,0,0,0,0,0,0,0,0,63,0,0,0,0,0,0,0,0,0,0,0,0,18,0,0,0,0,0,0,0,0,79,0,0,0
GSM1657994,0,0,0,0,0,0,0,0,0,0,0,0,0,0,0,0,0,0,0,0,0,0,0,0,0,0,0,0,0,0,0,0,0,0,0,0,0,0,0,0,0,0,0,0,0,0,0,0,0,0
GSM1657995,510,0,0,0,0,0,0,0,0,0,0,0,0,0,0,219,0,0,0,23,0,1,0,0,0,0,0,0,0,0,0,0,0,0,0,0,0,0,51,0,0,0,0,0,0,0,0,0,0,0
GSM1657996,0,0,0,0,0,0,0,0,0,0,0,0,0,0,0,0,0,0,0,0,0,0,0,0,0,5,0,0,0,0,0,0,0,0,0,0,0,0,0,0,0,0,0,0,0,0,76,12,0,0
GSM1657997,0,0,0,0,0,0,0,0,0,0,0,0,0,0,0,0,0,0,0,0,0,0,0,0,0,0,0,0,0,0,0,0,0,0,0,0,0,0,0,0,0,0,0,0,0,0,0,0,0,0
GSM1657998,0,0,0,0,0,0,0,0,0,0,8,0,0,0,0,0,0,0,0,0,0,0,0,0,0,0,0,0,0,0,59,0,0,0,0,0,0,0,0,0,0,0,0,0,0,0,0,0,0,0
GSM1657999,0,0,0,0,0,0,0,0,0,0,0,0,0,0,0,0,0,0,0,0,0,0,0,0,0,0,0,0,0,0,0,2,0,0,0,0,0,0,0,0,0,0,0,0,0,0,0,0,8,0
GSM1658000,0,0,0,0,0,0,0,0,0,0,0,0,0,0,0,188,0,0,0,0,0,1,0,0,0,0,0,0,0,0,0,0,0,0,0,0,0,2,0,0,0,0,0,0,0,0,0,7,0,0
GSM1658001,0,0,0,5,0,0,0,0,0,0,0,0,0,0,0,0,0,0,112,0,0,0,0,0,0,1,0,0,0,0,0,0,0,0,0,0,0,0,0,0,0,0,0,0,0,0,0,0,0,0
GSM1658002,52,0,0,109,0,0,0,7,3,0,0,0,0,0,0,0,0,0,0,23,0,0,0,0,11,0,0,0,0,0,0,53,0,0,0,0,0,0,36,89,1,504,0,0,0,0,0,30,0,0
GSM1658003,0,0,0,0,0,0,0,0,0,0,0,0,0,0,0,0,75,0,0,0,0,0,0,0,0,0,0,0,0,0,0,0,0,0,0,0,0,0,0,0,0,0,0,0,0,0,0,0,835,0
GSM1658004,1,0,0,0,0,0,0,0,0,0,1,0,0,0,0,0,0,0,0,0,0,0,0,0,0,0,0,0,0,0,0,0,0,0,0,0,1,0,11,0,0,0,0,0,0,0,0,0,1,0
GSM1658005,15,0,0,31,104,0,0,0,0,0,0,0,0,0,0,82,21,0,0,22,0,0,0,0,1,0,0,0,0,0,0,0,0,0,0,0,0,0,0,0,85,0,0,76,0,0,0,45,7,0
GSM1658006,336,0,0,0,3,0,0,0,0,0,208,0,0,0,0,1,0,0,0,0,0,0,0,0,180,0,0,10,0,0,0,462,0,0,0,0,0,0,1,0,0,0,0,89,0,0,0,1,357,0
GSM1658007,0,0,0,0,112,0,0,0,0,0,78,0,0,0,0,83,0,0,3,1,0,0,4,0,0,0,0,0,0,0,0,0,0,0,47,0,0,0,0,0,0,0,0,0,0,0,3,0,0,0
GSM1658009,161,4,0,11,0,0,9,0,0,0,0,0,0,0,0,71,0,0,0,15,0,0,0,0,110,0,0,0,0,0,0,0,0,0,0,0,0,0,0,0,0,0,0,0,0,0,0,92,4,0
GSM1658010,18,1,0,0,21,0,1,0,0,0,82,0,0,0,0,0,0,0,0,44,4,0,0,0,2,111,0,22,0,0,0,0,0,0,0,0,0,0,0,0,102,0,0,0,23,0,0,15,86,0
GSM1658012,32,0,0,44,0,0,0,0,2,0,0,0,0,0,0,1,0,0,0,1,14,0,0,0,24,0,23,0,0,0,0,2,0,0,0,0,0,0,0,15,14,0,0,0,0,0,0,9,1,0
GSM1658014,0,89,0,216,2,0,0,48,0,0,0,0,3,0,0,45,3,0,4,24,0,25,0,21,92,0,0,0,0,0,117,357,0,0,0,0,0,1,0,285,0,0,0,0,9,0,48,10,377,0
GSM1658016,0,15,0,1,0,0,0,0,0,0,43,0,0,0,0,1,0,0,0,27,0,0,0,0,0,0,0,0,0,0,0,0,1,0,0,0,0,0,0,109,0,0,0,0,0,0,0,1,0,0
GSM1658017,112,36,0,9,0,0,0,0,0,0,76,0,0,0,0,102,0,0,0,0,0,0,0,0,70,0,0,0,0,0,0,0,0,0,0,0,0,2,116,0,0,0,0,0,0,0,0,86,8,0
GSM1658018,0,0,0,2,1094,0,0,7,0,0,9,0,0,0,0,0,0,0,0,79,0,0,0,0,0,0,0,0,0,0,3,0,0,0,0,0,0,0,6,0,0,0,0,0,0,0,28,2,342,0
GSM1658020,0,26,0,43,0,0,0,0,0,0,816,0,0,0,0,3,0,0,0,0,0,1,0,0,0,0,0,0,0,1,0,29,0,0,0,0,0,0,280,0,0,0,0,0,0,0,0,196,0,0
GSM1658021,0,95,0,0,9,0,0,0,0,0,28,2,0,0,0,1,0,0,0,0,0,0,0,0,14,0,0,0,0,0,23,0,0,0,0,0,0,0,0,2,0,0,0,0,2,0,0,0,0,0
GSM1658025,1,11,0,1,14,0,0,0,0,3,15,0,0,0,0,96,33,0,0,12,0,0,0,0,88,72,0,0,0,0,147,0,0,0,0,0,0,34,0,1,0,0,0,0,0,0,47,190,5,0
GSM1658026,155,2,0,0,89,0,0,27,9,0,572,0,0,0,0,123,0,0,0,0,0,0,0,0,32,0,24,0,0,0,0,0,0,0,0,0,0,0,37,0,0,0,0,0,0,0,0,202,4,0
GSM1658027,70,0,0,0,3,0,0,0,0,0,13,0,0,0,0,0,0,0,4,0,0,0,0,0,10,0,0,0,0,0,0,0,0,0,0,0,0,38,4,0,0,0,0,0,0,0,1,53,0,0
GSM1658029,78,5,0,4,0,0,0,20,0,0,242,0,0,0,0,409,0,0,0,0,1,0,0,0,0,0,0,0,0,0,0,0,0,0,0,0,0,0,0,226,0,0,0,0,0,0,0,225,4,0
GSM1658031,0,0,0,1,0,0,0,0,5,0,542,0,0,0,0,355,0,0,0,0,0,0,0,0,0,0,0,0,0,0,0,0,0,0,53,0,0,0,249,1,0,0,0,0,0,0,42,0,328,0
GSM1658032,283,0,0,33,192,0,4,16,50,0,6,0,0,0,0,160,0,0,0,7,0,0,0,0,103,69,0,0,0,0,0,96,0,0,10,0,0,0,76,17,55,0,0,4,0,0,153,1,49,0
GSM1658033,14,0,0,130,27,0,0,0,0,0,5,0,0,0,0,0,0,0,0,0,0,0,0,0,5,0,0,0,0,0,0,0,0,0,0,0,0,0,0,0,0,1105,0,601,606,0,82,122,217,12
GSM1658034,0,25,0,80,272,0,0,93,126,0,70,0,0,0,0,90,0,0,0,10,0,41,0,0,55,141,0,0,0,0,0,0,0,1,6,0,0,37,19,0,0,159,0,0,0,0,15,69,177,0
GSM1658035,5,0,0,2,0,0,0,4,0,0,1,0,0,0,0,40,0,0,0,0,46,5,0,0,2,1,0,0,0,0,0,0,0,0,0,0,0,15,0,0,0,0,0,0,0,0,32,117,38,0
GSM1658037,0,2,0,301,0,0,0,0,0,0,1,0,0,0,0,21,0,0,0,5,0,0,0,0,2,0,0,0,26,0,30,0,0,0,0,0,21,0,0,253,155,0,0,0,0,0,33,1,0,0
GSM1658038,69,0,0,254,0,0,0,0,0,0,2,0,0,0,0,0,0,0,0,0,0,0,0,0,255,0,0,0,0,0,0,0,0,0,0,0,0,0,0,0,23,0,0,0,0,0,0,5,0,0
GSM1658039,0,0,0,281,0,0,0,0,0,0,3,0,0,0,0,0,0,0,0,0,0,0,0,0,0,0,1,0,1344,0,0,0,0,0,0,0,1,1,0,0,0,0,0,17,0,0,0,5,98,0
GSM1658040,8,1,0,37,0,0,0,0,0,0,0,0,0,0,0,7,0,0,228,36,0,0,0,198,92,198,0,0,0,0,0,0,0,0,0,0,0,0,0,70,72,165,0,0,0,0,137,2,0,50
GSM1658041,3,1,0,65,0,0,0,35,0,0,0,0,0,0,0,0,0,0,164,0,0,0,0,0,42,0,0,0,1,0,17,2,0,0,0,0,0,53,9,0,0,0,0,0,13,0,174,0,0,0
GSM1658042,0,0,0,1,708,0,0,41,0,0,0,0,0,0,0,235,0,0,0,0,0,0,0,121,0,0,0,0,0,0,74,0,0,0,0,1,0,0,0,233,5,0,0,0,0,1,0,4,157,0
GSM1658043,3,0,0,2,0,0,0,0,0,0,1002,0,0,0,0,100,0,0,0,7,0,0,0,0,3,0,0,0,0,237,0,0,0,0,0,0,0,0,0,373,0,0,0,0,0,0,502,0,0,0
GSM1658045,0,0,0,2,0,0,0,12,0,0,106,0,0,0,0,0,0,0,0,0,0,0,0,0,0,0,1,0,0,22,9,1,0,1,0,0,0,0,0,0,0,0,0,0,0,0,0,2,462,0
GSM1658046,1,0,0,0,1,0,0,7,0,0,0,0,0,0,0,0,14,0,0,67,0,0,0,0,135,0,0,0,0,0,0,0,0,0,0,0,0,0,0,0,0,0,0,0,1,0,0,4,298,0
GSM1658048,9,0,0,0,0,0,0,0,0,0,420,0,0,0,0,52,82,0,0,0,0,0,0,0,0,0,0,0,0,0,0,61,0,0,0,0,0,1,4,1,0,2,0,0,0,0,0,0,0,0
GSM1658049,3,19,48,0,1,0,0,0,0,0,24,0,0,0,0,0,0,0,0,1,0,0,0,0,17,0,0,0,0,0,0,0,0,0,0,0,0,2,0,1,0,2,0,1,0,0,0,0,0,0
GSM1658050,0,0,0,0,948,0,0,0,0,0,20,0,0,0,0,1,0,0,0,0,0,0,0,0,140,0,0,0,0,0,0,125,0,0,0,0,0,0,0,1,1,0,0,0,0,0,0,0,0,0
GSM1658051,168,18,0,0,0,0,0,0,0,0,133,0,0,0,0,0,0,0,0,0,0,0,0,0,0,8,0,42,0,1,0,129,0,0,86,0,0,3,745,1,0,0,0,0,0,0,45,10,0,0
GSM1658052,108,52,0,0,1,0,0,0,0,0,1,0,0,0,0,84,0,0,0,0,0,84,0,0,27,0,0,0,0,0,74,82,0,0,0,0,0,0,14,0,0,1,0,0,0,0,0,61,14,0
GSM1658053,24,0,0,0,1,0,0,0,0,0,422,0,0,0,0,176,0,0,0,0,0,1,0,0,258,0,0,0,0,1,0,3,0,0,0,0,0,53,0,1,0,0,0,40,0,0,0,137,0,0
GSM1658054,0,0,0,3,367,0,0,0,0,0,42,0,0,0,0,0,0,0,0,0,0,0,0,0,0,0,0,0,0,0,0,105,0,0,0,0,0,4,15,0,0,6,0,0,0,0,0,147,70,0
GSM1658055,1,0,0,0,2,0,0,0,0,0,17,0,0,0,0,0,0,0,0,21,0,0,0,0,0,0,0,0,0,1,0,0,0,0,0,0,0,4,0,13,0,15,0,3,0,0,2,2,0,0
GSM1658056,38,40,0,0,2,0,0,172,0,0,433,0,0,0,0,9,0,0,0,0,0,0,0,0,315,0,0,0,0,0,0,0,0,0,0,0,153,2,0,0,0,0,0,116,0,0,67,20,0,0
GSM1658058,0,0,0,62,1,0,0,9,0,0,9,0,0,0,0,0,0,0,0,0,0,84,0,0,0,0,0,0,0,0,0,0,0,0,0,0,0,2,0,119,0,0,0,116,146,0,35,143,0,0
GSM1658059,0,0,0,45,3,0,0,0,0,0,288,0,0,0,0,0,0,23,0,5,0,0,0,0,0,0,0,0,0,0,0,2,0,0,26,0,0,4,5,0,0,0,0,2,0,0,0,0,0,0
GSM1658060,0,2,0,0,1,0,0,0,0,0,382,0,0,0,0,37,0,0,0,3,4,0,0,0,0,0,0,0,0,0,0,0,0,0,0,0,0,1,0,23,0,0,0,1,0,0,3,385,254,0
GSM1658061,1,0,0,35,1,0,0,0,0,2,669,0,0,0,0,0,0,0,15,2,0,37,0,0,25,0,0,0,0,0,0,0,0,0,0,0,0,2,0,0,0,0,0,3,0,0,72,29,129,0
GSM1658062,3,0,0,2,2,0,0,0,0,0,13,0,0,0,0,0,0,0,0,0,0,0,0,0,27,0,0,0,0,0,0,0,0,0,0,0,0,3,0,0,0,100,0,2,0,0,46,17,0,0
GSM1658063,0,75,0,23,1,0,0,2,41,0,137,0,0,1,0,95,16,0,103,18,0,93,0,30,57,0,0,32,0,0,0,11,0,0,0,0,0,0,89,90,0,0,7,0,0,0,10,11,185,0
GSM1658064,41,52,0,12,1,0,0,0,0,0,489,0,0,0,0,58,0,0,0,0,0,0,0,0,0,0,0,0,364,1,0,0,0,0,0,0,0,3,0,0,1,0,0,0,0,0,0,0,0,0
GSM1658065,0,0,0,314,3,0,58,0,18,0,317,0,0,0,0,2,0,0,0,0,0,0,0,0,0,0,513,0,0,0,0,0,0,0,0,0,1,5,0,0,0,0,0,2,0,0,0,0,0,0
GSM1658066,0,80,0,0,3,0,0,0,0,0,14,0,0,0,0,14,0,0,0,87,0,0,0,0,0,0,0,0,0,0,5,0,0,0,0,0,0,1,35,0,7,0,0,11,0,0,0,1,0,0
GSM1658067,11,0,0,2,13,0,0,0,0,0,430,0,0,0,0,20,0,0,535,0,0,0,0,0,0,0,0,0,0,0,0,18,0,0,0,0,0,2,429,0,0,0,0,0,0,0,25,272,27,0
GSM1658068,0,0,0,0,1,0,0,0,0,0,8,0,0,0,0,0,0,0,73,0,0,90,0,0,0,0,0,0,0,0,0,2,0,0,0,0,0,20,0,0,311,0,0,2,0,0,0,32,49,0
GSM1658069,272,3,0,1,0,0,0,0,0,0,17,0,0,0,0,2,0,0,0,0,0,0,0,0,0,0,0,0,0,0,0,0,0,0,0,0,1,35,0,0,0,0,0,2,0,0,0,0,0,0
GSM1658071,0,51,0,0,3,0,0,0,0,0,78,0,0,0,0,32,0,0,0,0,0,0,0,0,0,0,0,0,0,0,0,3,0,0,0,0,0,3,74,0,0,0,0,3,0,0,0,0,0,0
GSM1658072,54,0,0,1,0,0,0,0,0,0,20,0,0,0,0,0,0,0,0,0,0,0,0,0,11,0,0,0,0,0,0,0,0,0,0,0,0,5,40,0,0,0,0,3,0,0,0,0,2,0
GSM1658073,361,0,0,0,6,0,0,0,0,0,83,0,0,0,0,340,1,0,0,25,0,0,0,0,0,0,0,0,0,0,1,0,0,0,6,0,0,2,0,0,2,0,0,2,0,0,0,16,0,0
GSM1658088,0,0,0,6,0,0,0,2,0,0,43,0,0,0,0,31,0,0,0,0,0,0,0,0,0,0,0,0,0,0,0,0,0,0,0,0,0,0,0,0,0,0,0,0,0,0,0,2,2,0
GSM1658089,69,59,0,66,0,0,0,0,0,0,7,0,0,0,0,0,0,0,0,0,0,0,0,0,1,0,0,0,0,0,0,0,0,0,0,0,0,0,0,0,0,0,0,0,0,0,0,0,0,0
GSM1658090,0,13,0,0,0,0,0,0,0,0,1,0,0,0,0,40,0,0,0,8,0,0,0,0,82,0,0,0,0,0,1,0,0,0,0,0,0,0,0,521,0,0,0,0,0,0,6,0,2,0
GSM1658091,6,1,0,248,0,0,0,3,3,0,0,0,0,0,0,99,0,0,0,0,0,1,0,0,8,0,0,6,0,0,0,0,0,0,4,0,0,0,27,2,0,0,0,0,0,0,0,31,87,0
GSM1658092,656,0,0,0,0,0,0,0,0,0,0,0,0,0,0,528,0,0,0,0,0,0,0,0,0,0,0,0,0,0,0,0,0,0,0,0,0,0,6,0,0,0,0,0,0,0,78,0,0,0
GSM1658093,0,0,0,0,378,0,0,0,0,0,12,0,0,0,0,12,0,0,0,0,0,0,0,0,44,0,0,0,0,0,0,0,0,0,0,0,0,0,0,0,0,0,0,17,0,0,0,40,0,0
GSM1658094,0,0,0,0,0,0,0,11,0,0,0,0,0,0,0,1,0,0,0,0,0,0,0,0,0,0,0,0,0,0,0,0,0,0,0,0,0,0,0,88,0,312,0,0,0,0,0,555,584,0
GSM1658095,807,0,0,148,0,0,0,0,0,0,0,0,0,1,0,0,121,0,0,0,0,0,0,0,5,0,0,0,0,0,0,17,0,1,0,0,0,0,0,0,0,1,0,0,0,0,0,29,2,0
GSM1658096,0,0,0,0,366,0,0,0,0,0,0,0,0,0,0,0,0,0,0,0,0,0,0,0,0,0,0,0,0,0,0,0,0,0,0,0,90,0,0,0,0,0,0,0,0,0,21,10,0,0
GSM1658097,4,3,0,0,621,0,0,0,0,9,0,0,0,2,0,0,0,0,71,0,0,0,0,328,0,0,0,0,0,0,0,0,0,0,0,0,0,0,0,1,21,0,0,0,0,1,0,0,5,0
GSM1658098,0,0,0,0,0,0,0,0,0,0,0,0,0,0,0,0,0,0,0,0,0,0,0,0,0,0,0,0,0,0,0,0,0,0,0,0,0,0,4,0,6,0,0,0,0,0,0,0,11,0
GSM1658099,51,3,0,0,109,0,0,0,0,0,0,0,0,0,0,0,0,0,0,21,0,0,0,0,0,0,0,0,0,0,0,0,0,0,0,0,1,0,0,1,0,0,0,0,0,0,22,1,0,29
GSM1658100,17,1,0,27,0,0,0,65,0,0,0,0,0,0,0,66,0,0,0,0,1,0,0,0,6,0,0,0,0,0,0,0,0,0,0,0,3,0,0,23,0,10,0,10,29,0,1,25,29,0
GSM1658101,0,0,0,113,0,0,0,0,0,0,26,0,0,0,0,0,0,0,0,6,0,0,0,0,0,0,0,0,365,0,0,0,0,0,31,0,37,0,0,2,0,0,0,0,0,0,0,0,0,0
GSM1658102,0,0,0,0,33,0,0,0,0,0,1,0,0,0,0,0,0,0,0,0,0,0,0,0,0,0,0,0,0,0,1,0,0,0,0,0,0,0,102,3,0,0,0,0,0,0,0,0,0,0
GSM1658103,110,0,0,45,0,0,0,4,24,0,0,0,0,0,0,45,0,0,0,0,0,0,0,0,0,0,0,0,0,0,0,0,0,0,48,0,0,0,3,1,0,0,0,0,0,0,27,0,5,0
GSM1658104,0,10,0,25,0,0,3,0,0,0,0,0,0,0,0,0,0,0,0,23,0,0,0,0,0,0,0,365,0,0,0,0,0,0,0,25,0,0,0,0,0,0,0,0,0,0,0,127,0,0
GSM1658105,57,36,0,44,63,0,0,0,0,0,1,0,0,0,0,229,0,0,429,0,0,0,0,0,6,0,0,0,0,0,0,0,0,0,0,237,0,0,0,5,0,0,0,0,2,0,0,548,0,0
GSM1658106,0,113,0,0,0,0,0,4,0,0,0,0,0,0,0,0,3,0,0,0,0,0,0,0,0,0,0,0,0,1,7,0,0,0,0,0,0,28,0,1,0,38,0,0,16,0,0,0,0,0
GSM1658107,2,0,0,41,0,0,0,10,0,0,0,0,0,0,0,16,0,0,21,0,0,0,0,0,0,0,0,0,0,0,0,0,0,0,22,0,0,2,0,1,0,344,0,0,0,0,0,1,0,0
GSM1658108,0,0,0,31,0,0,0,0,0,0,0,0,0,0,0,0,0,0,0,0,0,5,0,0,0,0,0,95,0,0,0,0,0,0,0,0,0,0,0,0,0,0,0,0,0,0,10,70,0,0
GSM1658109,75,0,0,0,0,0,0,0,0,0,0,0,0,0,0,54,0,0,0,0,0,0,0,0,9,0,11,0,0,0,0,0,0,0,0,0,0,0,0,1,0,10,0,0,0,0,0,0,0,0
GSM1658110,55,0,0,4,0,0,0,1,0,4,0,0,0,0,0,0,42,0,0,0,0,0,0,0,27,0,0,0,0,0,0,0,0,0,9,0,0,0,0,50,0,5,0,0,0,0,5,0,1,0
GSM1658111,809,0,0,5,620,0,0,0,0,0,0,0,0,0,0,32,0,0,0,0,0,0,0,0,0,0,0,0,0,0,0,0,0,0,0,0,0,0,0,18,0,0,0,0,0,0,0,142,74,0
GSM1658112,0,11,0,0,22,0,0,0,125,0,0,0,0,0,0,1,0,0,0,0,0,0,0,0,62,0,0,0,0,0,0,0,0,0,0,0,22,0,0,0,0,0,0,0,0,0,4,39,99,0
GSM1658113,0,0,0,0,0,0,0,0,0,0,0,0,0,0,0,0,0,16,0,0,0,0,0,0,0,0,0,0,0,0,0,0,0,0,0,0,0,0,0,0,0,0,0,0,0,0,0,0,0,0
GSM1658114,1,0,0,44,0,0,0,66,0,0,0,0,0,0,0,0,0,0,0,0,3,0,0,0,104,1,0,0,0,0,0,0,0,0,0,0,0,5,0,0,0,0,0,0,1,0,8,222,0,0
GSM1658115,0,22,0,88,0,0,0,0,0,0,0,0,0,0,0,1,0,0,0,7,0,0,0,0,855,0,0,0,0,0,0,0,0,0,0,0,0,0,0,0,568,0,0,0,0,0,0,0,0,0
GSM1658116,1382,0,0,0,0,0,0,0,305,0,0,0,0,0,0,0,0,0,0,0,0,0,0,0,0,0,0,0,0,0,0,0,0,0,0,0,0,0,0,0,0,0,0,0,0,0,0,0,0,0
GSM1658117,265,16,0,0,0,0,0,0,0,0,0,0,0,0,0,0,0,0,0,0,0,0,0,0,0,0,0,0,0,0,0,0,1,0,0,0,2,0,1,177,0,0,0,0,0,0,0,9,0,0
GSM1658118,0,0,0,0,0,0,0,0,0,0,0,0,0,0,0,0,0,0,0,112,0,0,0,0,0,0,0,0,0,0,0,0,0,0,4,0,0,0,0,0,0,0,0,0,0,0,0,77,0,0
GSM1658119,0,10,0,0,0,0,2,0,0,0,0,0,0,0,0,2,0,0,0,9,0,0,0,0,115,42,0,0,0,0,0,0,0,0,0,0,0,0,94,0,0,0,0,0,0,0,0,0,0,0
GSM1658120,88,69,0,0,0,0,0,0,0,0,0,0,0,0,0,78,0,0,0,0,0,0,0,0,7,0,0,0,0,0,0,0,0,0,0,0,0,0,0,0,77,0,0,0,0,0,0,0,0,0
GSM1658121,0,57,0,48,5,0,0,0,0,0,0,0,0,0,0,38,0,0,0,0,0,11,0,0,19,0,0,0,2,0,1,0,0,0,0,0,0,0,6,0,4,1,0,0,0,10,11,7,0,0
GSM1658122,1,0,0,7,0,0,0,21,0,0,0,0,0,0,0,0,0,0,0,0,0,0,0,0,0,0,0,0,0,0,0,0,0,0,0,0,4,0,0,157,0,0,0,0,0,0,0,0,0,0
GSM1658123,0,84,0,0,0,0,0,0,9,0,0,0,0,0,0,0,0,0,0,0,0,0,1,0,8,0,68,0,0,0,0,3,0,0,0,0,19,0,0,0,0,0,0,0,0,0,0,17,0,0
GSM1658124,29,2,0,0,25,0,0,0,0,0,0,0,0,0,0,0,0,0,0,0,0,0,0,0,0,0,0,0,0,0,0,0,0,0,3,0,0,0,0,0,0,0,0,0,0,0,0,0,0,0
GSM1658125,0,0,0,0,0,0,0,0,0,0,0,0,0,0,0,0,0,0,0,0,0,0,0,0,0,0,0,0,0,0,0,0,0,0,0,0,0,0,0,0,85,0,0,0,0,0,0,0,0,0
GSM1658126,245,0,0,0,0,0,0,0,0,0,0,0,0,0,0,0,0,0,0,0,0,0,0,0,0,0,0,0,0,0,0,0,0,0,0,0,0,0,0,0,0,0,0,0,0,0,0,0,179,0
GSM1658127,19,47,0,136,1,0,0,1,0,0,1,0,0,0,0,1,0,0,80,12,0,14,0,0,0,0,0,0,0,0,0,2,0,0,0,0,1,35,34,116,0,0,0,44,7,0,0,0,160,0
GSM1658128,0,53,0,36,0,0,0,41,7,0,0,0,0,0,0,1,0,0,0,0,0,0,0,0,119,0,0,0,0,0,41,0,0,0,0,0,0,1,35,10,0,0,0,0,0,1,36,0,0,0
GSM1658129,43,29,0,24,95,0,0,3,0,0,0,0,0,0,0,70,0,0,2,10,0,5,0,110,0,0,0,0,66,0,0,24,0,0,0,0,0,11,8,89,0,0,0,8,217,0,1,2,153,0
GSM1658130,61,95,0,1,0,0,0,0,0,0,0,0,0,0,0,793,0,0,0,0,0,1,0,0,1,0,0,0,0,0,0,2,0,6,0,0,0,0,1,0,0,0,0,0,0,0,0,0,0,0
GSM1658131,0,82,0,37,0,0,0,1,47,11,1,0,0,0,0,293,0,0,0,53,0,0,1,0,122,0,0,3,1,0,0,0,0,0,169,1,0,17,0,0,0,0,0,0,0,0,0,47,3,0
GSM1658133,0,1,0,0,20,0,0,1,0,0,0,0,0,0,0,16,0,1,0,0,0,0,1,0,25,1,0,0,0,0,0,0,0,0,0,0,0,0,166,0,0,0,0,0,0,0,2,38,0,0
GSM1658134,0,0,0,4,9,0,0,0,0,0,0,2,0,0,0,70,0,0,0,0,0,0,0,0,0,0,0,13,0,0,2,1,0,0,0,6,0,1,2,0,30,0,0,0,0,0,59,38,99,0
GSM1658135,141,0,0,10,20,0,0,0,0,0,0,0,0,0,0,10,0,0,0,0,0,0,0,0,160,0,0,0,0,0,0,2,0,0,0,0,0,0,0,7,4,0,1,0,1,0,33,14,55,0
GSM1658136,82,0,0,0,0,0,0,0,0,0,0,0,0,0,116,0,0,0,0,32,0,0,0,0,118,0,0,275,0,0,0,0,0,0,0,0,0,0,0,0,0,27,0,0,0,0,0,14,0,0
GSM1658137,21,34,0,4,72,0,0,0,0,0,0,0,0,0,0,1,0,0,0,0,1,24,0,0,6,0,0,0,94,0,0,0,0,0,0,0,0,0,0,0,0,14,0,0,0,0,7,37,0,0
GSM1658138,45,0,0,165,0,0,0,0,19,0,0,0,0,0,0,51,0,0,0,0,0,0,0,0,4,0,0,0,0,0,0,7,0,0,0,1,28,0,0,12,0,1,0,0,0,0,0,0,0,0
GSM1658139,0,0,0,0,0,0,0,0,0,0,34,0,0,0,0,0,0,0,0,0,0,0,0,0,53,0,0,0,0,0,0,0,0,0,0,0,0,0,0,0,0,0,0,0,0,0,0,57,0,0
GSM1658140,0,4,0,4,23,0,0,56,0,0,0,0,0,0,0,0,0,0,0,1,0,4,0,0,0,0,0,0,0,0,82,0,0,0,0,0,0,0,0,209,26,0,0,0,0,0,14,10,34,0
GSM1658141,228,42,0,8,0,0,0,0,0,0,0,0,0,0,0,0,4,0,262,0,21,0,0,0,19,3,0,0,6,0,0,0,0,0,230,0,24,0,14,596,0,0,0,0,70,0,11,3,26,0
GSM1658142,123,3,0,2,25,0,0,0,0,0,77,0,0,0,0,9,0,0,0,0,0,6,0,0,0,3,1,1,0,0,0,4,0,0,0,0,0,0,0,134,0,0,0,0,0,0,0,0,10,0
GSM1658143,0,0,0,80,115,0,0,26,12,0,0,0,0,0,0,61,0,0,0,5,0,0,33,0,2,0,0,0,21,0,0,0,0,0,0,0,0,334,0,0,16,3,0,0,0,0,8,24,2,0
GSM1658145,14,0,0,9,134,0,0,0,0,0,0,0,0,0,0,23,4,0,0,7,0,0,0,0,0,0,0,0,0,0,0,4,0,0,0,0,0,0,1,0,0,0,0,0,0,0,16,19,0,0
GSM1658146,0,3,0,2,20,0,0,1,0,0,0,2,0,0,0,52,0,0,0,0,0,0,0,10,6,0,0,0,0,0,18,5,0,0,0,0,0,0,0,12,0,0,0,0,0,0,8,15,114,0
GSM1658147,148,27,0,167,0,0,0,9,21,0,1,0,0,0,0,15,0,0,0,12,0,19,0,0,5,14,21,2,0,0,1,5,0,0,0,0,0,0,6,0,0,0,0,0,0,0,153,1,0,0
GSM1658148,14,4,0,94,26,0,0,0,0,0,0,0,0,0,0,33,0,0,0,12,0,0,0,0,32,0,0,0,0,2,2,0,0,0,0,0,1,3,0,0,0,0,0,0,0,0,47,1,0,0
GSM1658149,37,126,0,1,0,0,0,0,0,0,1,0,0,0,0,90,0,0,0,0,0,0,0,0,0,0,0,0,0,1,6,0,0,0,2,0,0,1,0,3,0,0,0,0,251,0,63,8,11,0
GSM1658150,380,0,0,0,1,0,0,0,0,0,2,0,0,0,0,28,0,0,0,0,0,0,0,0,78,0,0,0,0,0,0,1,0,0,17,0,0,1,39,53,0,0,0,0,0,0,19,40,0,0
GSM1658151,0,0,0,0,0,0,0,0,0,0,0,0,0,0,0,0,0,0,0,30,0,0,0,0,0,0,0,0,0,0,0,0,0,0,0,2,0,0,4,0,0,0,0,0,0,0,0,16,0,0
GSM1658152,0,0,0,0,85,0,0,97,60,0,0,0,0,0,0,0,33,0,0,0,0,14,0,44,0,0,0,0,250,0,2,0,0,0,0,0,0,35,11,0,0,4,0,0,0,0,0,35,193,0
GSM1658153,2,0,0,36,0,1,0,0,0,0,0,0,0,0,0,0,0,0,0,0,0,0,0,0,1,0,0,0,0,0,0,0,0,0,0,0,0,0,17,7,0,0,0,0,0,0,50,1,0,0
GSM1658155,1,0,0,0,0,0,0,0,1,0,0,4,0,0,0,44,0,0,0,0,0,0,0,1,1,0,0,0,33,0,0,0,0,0,0,0,0,0,11,43,0,0,0,0,225,0,0,1,0,0
GSM1658156,65,9,0,0,0,0,0,0,0,0,0,22,1,0,0,64,0,0,38,0,2,0,0,0,0,0,0,0,0,0,0,0,0,0,20,0,0,0,3,59,0,1,0,0,0,0,0,0,139,0
GSM1658157,122,2,14,68,43,0,4,29,0,0,0,0,0,0,0,90,0,0,0,2,0,0,0,0,0,0,0,0,1,0,0,25,0,0,0,0,0,0,0,0,0,0,220,0,0,0,110,34,40,0
GSM1658158,0,84,0,20,35,0,0,0,0,0,17,0,0,0,0,11,0,0,9,0,0,0,0,0,2,0,0,73,0,1,0,0,0,0,0,0,0,13,48,0,0,0,0,0,0,0,3,0,0,0
GSM1658159,108,0,0,0,804,0,0,0,1,0,0,0,0,0,0,0,0,0,0,0,0,0,0,0,369,0,0,0,0,0,0,0,0,0,0,0,0,0,0,0,0,65,0,1643,3,0,0,0,2,0
GSM1658160,381,114,0,361,45,0,0,79,101,0,0,0,0,0,0,0,0,0,0,0,0,0,0,0,155,0,0,0,0,0,0,1,0,0,5,0,0,31,0,0,0,0,0,0,0,0,0,0,458,0
GSM1658162,0,0,0,0,0,0,0,0,0,0,0,0,0,0,0,0,0,0,0,0,0,0,0,0,1,0,0,0,1,0,0,0,0,0,0,0,0,0,16,0,0,0,0,0,0,0,0,4,3,0
GSM1658164,0,11,0,0,0,0,0,0,0,0,0,0,1,0,0,0,0,0,0,0,0,0,0,0,73,0,0,0,0,0,0,0,0,0,0,0,0,0,0,0,0,0,0,0,0,0,0,72,15,0
GSM1657871,6,0,0,0,3,0,0,0,10,0,237,0,0,0,0,50,0,0,0,0,0,0,0,418,0,0,0,1,0,0,0,5,0,0,0,0,0,0,0,0,0,0,0,0,0,0,0,37,15,0
GSM1657873,0,0,0,0,0,0,0,0,0,0,0,0,0,0,1,0,0,0,0,0,0,0,0,0,0,0,0,0,0,0,0,0,0,0,0,0,0,0,0,0,0,0,0,0,0,0,0,0,0,0
GSM1657876,0,0,0,1,12,0,0,0,0,0,1,0,0,0,0,2,0,0,0,1,0,0,0,0,0,0,0,0,0,0,0,0,0,0,0,0,0,0,0,36,0,0,0,0,0,0,3,2,222,0
GSM1657885,0,0,0,0,0,0,0,0,0,0,0,0,0,0,0,0,0,0,0,0,0,0,0,0,15,0,0,0,0,0,0,0,0,0,0,0,0,0,0,0,0,0,0,0,0,0,0,11,0,0
GSM1657889,43,5,0,0,0,0,0,0,0,0,0,0,0,0,0,0,0,0,0,0,0,0,0,0,15,0,1,5,0,0,0,0,0,0,4,1,0,0,6,0,0,0,0,0,0,0,0,2,1,0
GSM1657890,0,0,0,2,0,0,0,0,0,0,1,0,0,0,0,0,0,0,0,0,0,32,0,0,0,0,0,0,0,0,0,4,0,0,0,0,0,0,27,1,0,0,0,0,0,0,0,0,0,0
GSM1657891,0,1,0,0,6,0,0,0,0,0,0,0,0,0,0,0,0,0,342,2,0,0,282,0,10,0,0,0,23,0,361,0,0,0,0,0,0,0,7,40,0,0,0,0,0,0,0,0,9,0
GSM1657892,0,0,0,0,0,0,0,0,1,0,0,0,0,0,0,0,0,0,0,0,0,0,0,0,0,0,0,0,0,0,0,85,0,0,0,0,0,0,0,297,0,0,0,0,0,0,0,0,0,0
GSM1657893,0,0,0,2,1,0,0,0,0,0,0,0,0,0,0,0,0,0,0,0,0,0,0,0,0,0,0,0,5,0,0,9,0,0,0,0,0,0,0,0,53,0,0,0,0,0,0,0,1,0
GSM1657894,0,0,0,0,1,0,0,0,0,0,0,0,0,0,0,0,0,0,0,0,0,0,0,0,215,0,0,0,0,0,0,0,0,0,0,0,0,0,0,1,24,0,0,0,0,0,0,0,331,0
GSM1657898,3,0,0,0,0,0,0,0,0,0,0,0,0,0,0,0,0,0,0,1,0,0,0,0,0,0,0,3,0,0,0,0,0,0,0,0,0,0,0,709,0,0,0,0,0,0,0,0,1,0
GSM1657899,0,0,0,0,67,0,0,0,5,0,0,0,0,0,0,28,0,0,12,0,0,0,19,0,9,0,0,0,2,0,11,0,0,0,0,0,0,0,0,0,0,0,0,0,0,0,0,0,1,0
GSM1657900,0,0,0,0,0,0,0,0,0,0,0,0,0,0,0,0,0,0,0,0,0,0,0,0,0,0,0,0,0,0,0,0,0,0,3,0,0,0,2,0,0,42,0,0,0,0,0,37,0,0
GSM1657901,0,0,0,72,47,0,0,67,419,0,0,0,0,0,0,0,0,6,0,0,0,0,96,0,0,0,0,0,0,0,61,205,0,0,0,0,0,0,75,0,0,0,0,0,0,0,0,0,305,0
GSM1657902,4,0,0,0,0,0,0,0,0,0,0,0,0,0,0,665,0,0,0,0,0,0,0,0,0,0,0,0,0,0,2,0,0,0,0,0,0,0,70,0,0,0,0,0,0,0,0,0,350,0
GSM1657903,0,0,0,0,0,0,0,0,0,0,0,0,0,0,0,0,0,0,0,0,0,0,0,0,0,0,0,0,0,0,0,0,0,0,0,0,0,0,0,3791,3,0,0,0,0,0,0,0,0,0
GSM1657904,0,0,0,0,45,0,0,0,0,0,0,0,0,0,0,0,0,0,0,0,0,975,0,11,0,0,0,0,0,0,0,0,0,0,0,0,0,0,0,0,0,8,0,0,0,0,0,0,0,0
GSM1657906,0,0,0,0,1,0,2,8,0,0,0,0,0,0,0,155,0,0,0,0,0,0,0,0,0,0,0,0,0,0,0,0,0,0,0,0,0,0,43,0,0,0,0,0,0,0,2,1,0,0
GSM1657907,111,0,0,0,0,0,0,0,20,0,0,0,0,0,0,0,0,0,1,0,0,1,0,0,1,0,0,0,0,0,0,0,0,0,8,0,0,0,16,0,0,0,0,0,0,0,2,0,0,0
GSM1657908,0,0,0,0,10,0,0,0,2,0,0,0,0,0,0,0,0,0,3,0,0,0,0,0,0,0,0,0,0,0,0,0,0,0,0,0,0,0,1,0,0,0,0,0,0,0,0,0,0,0
GSM1657909,0,0,0,0,0,0,0,0,0,0,0,0,0,0,0,0,0,0,0,0,0,0,0,165,0,0,0,0,3,0,0,0,0,0,0,0,0,0,0,0,0,233,0,0,0,0,0,0,0,0
GSM1657910,0,0,0,0,0,0,0,0,149,0,0,0,0,0,0,0,0,0,0,0,0,0,0,0,0,0,0,0,0,0,0,1,0,0,0,0,0,0,0,1,0,0,0,0,0,0,0,5,0,0
GSM1657911,0,0,0,0,0,0,0,0,0,0,0,0,1,0,0,0,0,0,0,0,0,0,0,0,0,0,0,0,0,0,0,0,0,0,1,0,0,0,0,0,0,0,0,0,0,0,0,0,0,0
GSM1657913,18,0,0,0,248,0,0,0,7,0,0,0,0,0,0,0,0,0,0,0,0,51,0,0,0,0,0,0,0,0,0,1,0,0,0,0,0,0,1,0,0,0,0,0,0,0,0,0,0,0
GSM1657914,0,0,0,1,0,0,0,0,0,0,0,0,0,0,0,0,0,0,0,0,0,0,0,0,0,0,0,0,0,0,0,0,0,0,0,0,0,0,0,744,0,0,7,0,0,0,0,3,112,0
GSM1657915,5,0,0,0,121,0,0,0,0,0,0,0,0,0,0,1,0,0,0,0,0,0,0,0,0,0,0,0,0,0,0,0,0,0,0,0,0,0,1,0,0,0,0,0,0,0,0,0,0,0
GSM1657916,14,0,0,0,47,0,0,0,0,0,0,0,0,0,0,1,0,0,0,6,2,0,13,0,52,0,0,2,0,0,0,0,0,0,0,0,1,0,0,9,0,6,0,0,0,0,0,1,101,0
GSM1657917,0,0,0,11,0,0,0,24,0,0,0,0,0,0,0,1,1,0,0,0,0,0,0,0,1,0,0,0,0,0,0,219,0,0,0,0,0,0,0,2,0,0,0,0,58,0,1,1,18,0
GSM1657918,0,0,0,0,0,0,0,0,0,0,0,0,0,0,0,0,0,0,0,0,0,0,0,0,0,0,0,0,0,0,0,0,0,0,0,0,0,0,0,0,0,0,0,1,0,0,0,0,0,0
GSM1657919,0,0,0,0,0,0,0,0,0,0,0,0,0,0,0,0,0,0,0,0,0,0,0,0,0,0,0,0,0,0,0,0,0,0,0,0,0,0,0,26,0,0,0,0,0,0,0,123,0,0
GSM1657920,0,0,0,0,0,0,0,0,67,0,0,0,0,0,0,0,0,0,0,0,0,0,0,0,0,0,0,1,0,0,0,0,0,0,0,0,0,0,0,0,0,0,0,0,0,0,0,0,0,0
GSM1657921,0,0,0,170,0,0,0,0,0,0,0,0,0,0,0,0,8,0,0,3,0,0,0,0,8,0,0,2,0,0,0,0,0,0,0,0,0,0,0,0,0,0,0,0,0,0,1,13,0,0
GSM1657922,0,0,0,0,95,0,0,0,14,0,0,0,0,0,4,239,0,0,0,1,0,0,0,0,0,0,0,0,0,0,0,0,0,0,0,0,0,0,0,0,0,0,0,0,0,0,0,0,0,0
GSM1657923,0,0,0,7,0,1,0,0,0,0,0,0,0,0,0,1,0,0,0,0,0,0,0,0,0,0,0,0,0,0,0,1,0,0,0,0,0,0,0,1,0,0,0,0,0,0,0,2,0,0
GSM1657924,0,0,0,0,0,0,0,0,0,0,0,0,0,0,0,0,0,0,1,1,0,0,0,0,0,0,0,0,0,0,0,0,0,0,0,0,1,0,0,0,0,0,0,0,0,0,2,0,0,0
GSM1657925,10,0,0,0,0,0,0,0,0,0,0,0,0,0,0,0,0,0,0,0,0,0,0,0,0,0,0,0,0,0,0,0,0,0,0,0,0,0,0,0,0,0,0,0,0,0,0,0,0,0
GSM1657926,0,0,0,0,0,0,0,0,0,0,0,0,0,0,0,0,0,0,0,0,0,0,0,0,0,0,0,0,0,0,0,0,0,0,0,0,0,0,0,0,0,0,0,0,0,0,1,52,0,0
GSM1657927,0,0,0,0,0,0,0,0,0,0,0,0,0,0,0,1095,0,0,0,0,0,0,0,0,0,0,0,0,0,0,0,0,0,0,0,0,0,0,0,0,0,0,0,0,0,0,0,0,0,0
GSM1657928,67,0,0,0,0,0,0,0,0,0,0,0,0,0,0,0,0,0,0,0,0,0,0,0,6,0,0,0,0,0,0,0,0,0,0,0,0,0,0,0,10,0,0,0,0,0,0,0,0,0
GSM1657930,1,3,0,109,93,0,0,17,33,0,0,31,0,0,0,15,9,3,0,10,0,69,0,0,14,0,0,78,0,0,12,110,0,0,1,0,0,0,11,5,45,0,0,0,0,0,50,2,13,0
GSM1657931,2,0,0,0,0,0,0,0,0,0,0,0,0,207,0,0,0,0,0,2,26,0,0,0,4,0,0,72,0,0,1,0,0,0,0,0,0,0,0,0,0,0,0,0,0,278,0,39,0,44
GSM1657932,0,28,0,0,0,0,0,0,0,0,457,0,0,0,0,1114,0,0,0,0,0,0,0,0,21,0,0,175,0,0,61,0,0,0,30,0,0,0,0,34,0,0,0,0,0,0,0,114,0,0
GSM1657933,0,0,0,0,0,0,0,0,0,0,75,0,0,0,0,9,4,0,153,3,6,0,17,0,1,0,0,2,0,0,4,0,0,0,0,0,0,0,6,0,0,0,0,0,0,0,0,0,14,0
GSM1657934,94,0,0,0,0,0,0,0,0,0,0,0,0,0,0,0,0,0,0,0,0,0,0,0,2,0,0,0,274,0,0,12,0,0,0,0,0,0,0,0,0,0,0,0,0,0,0,0,0,0
GSM1657935,1,0,0,0,0,0,0,0,69,0,0,0,0,0,0,0,0,0,0,0,0,0,0,1,5,0,0,0,0,0,0,46,0,0,0,0,0,0,0,47,0,0,0,0,0,0,0,1,32,0
GSM1657937,2,0,0,27,115,0,1,0,31,0,0,0,0,4,0,0,0,0,0,0,0,3,1,19,33,0,0,0,0,0,1,0,1,0,0,0,0,0,0,0,0,0,0,0,0,0,0,1,123,0
GSM1657938,0,0,0,0,0,0,0,3,0,0,5,0,0,0,0,329,0,0,0,0,0,0,0,0,1,0,0,0,0,0,0,0,0,0,0,0,0,0,0,0,0,0,0,0,0,0,0,23,0,0
GSM1657939,0,0,0,0,0,0,0,0,0,0,0,0,0,97,0,0,0,0,0,12,0,0,0,0,2,0,0,0,1,0,0,0,0,0,0,0,0,0,0,0,0,0,0,0,0,0,127,0,0,0
GSM1657940,2,0,0,0,0,0,0,0,0,0,0,0,0,0,0,0,0,0,0,0,0,0,0,0,4,0,0,15,0,0,0,0,0,0,0,0,0,0,0,0,0,0,0,0,0,0,5,2,7,0
GSM1657941,1,0,0,2,1,0,0,14,0,0,1,0,0,0,0,33,0,0,0,2,0,0,0,0,2,0,0,0,6,0,0,5,0,0,0,0,0,15,0,0,0,0,0,0,0,0,0,5,0,0
GSM1657942,0,0,0,0,0,0,0,0,0,7,2,7,0,0,0,0,0,0,0,9,0,0,0,0,0,0,0,1,0,0,0,0,0,0,0,0,0,0,0,0,0,0,0,0,0,0,54,0,0,0
GSM1657943,0,0,0,81,0,0,0,4,0,0,0,0,0,0,0,0,0,0,12,0,0,0,0,0,31,0,0,0,0,0,13,0,0,0,0,0,0,0,10,9,0,0,0,0,0,0,16,146,0,0
GSM1657944,0,1,0,2,0,0,0,14,0,0,0,0,0,0,0,0,0,0,0,6,0,15,0,0,34,0,0,0,1,0,0,0,0,0,0,0,0,1,0,0,1,0,0,0,0,0,1,0,2,0
GSM1657945,131,0,0,11,0,0,0,0,0,0,0,0,0,0,0,1,0,0,0,28,0,0,0,0,0,0,0,0,0,3,0,0,0,0,0,1,0,0,35,6,12,0,0,0,0,0,20,0,2,0
GSM1657946,32,57,0,117,8,0,0,0,4,0,0,28,0,0,0,2,0,0,49,0,0,23,0,0,2,14,0,0,13,0,0,1,0,0,4,0,0,0,30,21,0,0,0,0,0,0,169,0,7,0
GSM1657948,0,1,0,9,5,0,0,0,0,0,0,0,0,0,0,0,0,0,1,4,0,0,0,0,0,0,0,0,0,0,0,0,0,0,1,0,1,24,0,0,21,4,0,0,0,0,1,31,0,0
GSM1657949,0,0,0,6,7,2,0,22,0,0,0,0,0,0,0,17,2,0,14,7,0,0,0,2,24,0,0,5,1,0,0,0,0,0,3,0,0,0,5,11,0,4,0,0,0,0,4,39,4,0
GSM1657950,4,0,0,2,1,4,0,0,0,0,0,0,0,0,0,6,0,0,46,4,0,0,0,0,147,0,0,0,51,0,1,0,0,0,0,0,0,0,7,0,1,0,0,0,0,0,10,18,1,0
GSM1657951,0,0,0,0,0,0,0,0,3,0,11,0,0,0,0,0,0,0,0,0,0,85,0,0,0,0,0,0,0,0,35,0,0,0,0,0,0,0,0,0,0,0,0,0,0,0,0,1,0,0
GSM1657952,197,7,0,15,29,0,13,0,0,0,0,0,0,0,0,0,0,0,12,45,0,0,0,0,0,0,0,0,0,0,1,3,0,0,0,0,0,0,18,0,0,0,0,0,17,0,6,84,51,0
GSM1657953,0,0,0,0,0,0,0,0,0,0,0,0,0,0,0,0,0,0,0,0,0,0,0,0,0,0,0,0,0,0,0,0,0,0,0,0,0,0,0,0,0,0,0,0,0,0,0,0,0,0
GSM1657954,273,1,0,21,0,0,0,0,8,0,0,0,0,0,0,25,0,0,0,1,43,1,0,0,0,0,0,0,0,0,0,0,0,0,0,0,0,1,0,224,0,2,0,0,0,0,0,0,0,0
GSM1657955,2,0,0,0,4,0,0,0,0,0,0,0,0,0,0,0,0,0,0,6,0,0,0,0,0,1,0,0,0,0,0,0,0,0,0,0,0,0,0,0,0,0,0,0,179,0,0,37,8,0
GSM1657956,2,1,0,73,21,0,0,0,0,0,0,0,0,0,0,0,0,0,0,0,0,0,0,0,0,0,0,0,0,0,0,19,0,0,0,0,0,0,10,2,0,42,0,0,0,0,28,104,194,0
GSM1657957,118,2,0,65,0,1,0,0,5,0,0,0,0,0,0,104,0,0,0,0,0,0,0,36,25,0,0,0,0,0,0,8,0,0,0,0,0,0,35,20,40,8,0,0,58,0,0,7,28,0
GSM1657958,24,1,0,74,60,1,0,0,2,0,0,0,0,0,0,0,1,0,0,0,0,0,0,0,35,0,0,0,0,0,75,0,0,0,1,0,0,0,0,0,0,7,0,3,0,0,27,286,84,0
GSM1657959,0,4,0,0,0,0,0,54,0,0,0,0,0,0,0,0,0,0,0,0,0,0,0,0,0,0,0,0,0,0,0,0,0,0,0,0,1,0,122,0,0,0,0,0,0,0,4,0,5,0
GSM1657960,0,3,0,0,0,0,0,1,0,0,0,0,0,0,0,0,0,0,247,0,0,0,0,0,0,0,0,0,0,0,0,0,0,0,0,0,0,0,90,270,0,0,0,211,0,0,25,52,0,0
GSM1657961,0,3,0,4,16,0,0,0,0,0,0,0,0,0,0,19,20,0,113,0,1,0,0,0,12,0,0,0,79,0,0,0,0,0,0,0,0,0,0,0,0,222,171,0,0,0,30,166,0,0
GSM1657962,53,90,0,15,5,1,0,42,41,0,0,0,0,0,0,0,0,0,0,0,0,0,17,0,47,0,0,0,0,46,0,0,0,0,2,0,0,0,51,1,235,258,0,0,0,0,36,20,0,0
GSM1657963,565,0,0,0,141,4,0,0,0,0,0,0,0,0,0,351,0,0,0,7,0,0,0,0,13,15,0,0,0,0,0,0,0,0,0,0,0,0,54,0,364,0,0,0,0,0,0,82,0,0
GSM1657964,0,0,0,0,0,0,0,0,0,0,0,0,0,0,0,22,0,0,1,0,0,0,0,1,0,0,0,0,0,0,0,0,0,0,0,0,0,0,0,0,148,0,0,2,0,0,0,0,0,0
GSM1657965,0,0,0,0,0,0,0,51,0,0,7,0,0,0,0,0,0,0,0,0,0,0,0,0,0,0,0,0,0,123,0,0,0,0,0,0,2,0,0,0,0,0,0,0,0,0,0,0,0,0
GSM1657966,0,119,0,0,0,0,0,0,0,0,0,0,0,0,0,0,0,0,30,0,0,0,0,0,77,0,0,0,0,0,0,0,0,0,0,0,0,0,0,0,313,30,0,0,0,0,0,0,0,0
GSM1657967,168,0,0,227,0,0,0,5,9,0,0,0,0,0,0,0,0,0,0,69,0,162,0,0,0,0,1,0,0,0,0,0,0,0,0,0,0,0,0,34,0,0,0,0,0,0,0,97,0,0
GSM1657968,316,0,0,0,70,31,0,2,132,0,0,0,0,0,0,0,0,0,0,138,0,0,0,0,12,0,0,35,0,0,8,0,0,0,213,0,0,9,0,0,0,2,0,0,0,0,20,0,271,0
GSM1657969,0,0,0,1,0,0,0,0,0,0,139,0,0,0,0,0,0,0,0,0,0,0,0,0,0,0,0,0,0,0,0,0,0,0,245,0,0,0,16,0,0,0,0,0,0,0,0,10,0,0
GSM1657970,0,0,0,0,0,0,0,0,0,0,108,0,0,0,0,0,0,0,0,0,0,0,0,0,3,0,0,112,0,0,0,0,0,0,0,0,0,0,0,0,0,0,0,0,0,0,0,154,0,0
GSM1657971,48,0,0,1,175,0,0,1,0,0,0,0,0,0,0,257,0,0,208,1,0,0,0,0,167,17,0,0,5,1,0,7,0,0,189,0,0,7,0,0,0,65,0,0,0,0,10,51,398,0
GSM1657972,0,0,0,0,0,0,0,0,0,0,0,0,0,0,0,0,0,0,0,0,0,0,0,0,76,0,0,0,0,0,0,0,0,0,0,0,0,0,26,25,0,0,0,0,0,0,0,0,0,0
GSM1657973,0,0,0,114,121,4,0,68,0,0,0,0,0,0,0,0,0,0,5,10,0,31,0,0,16,0,0,0,0,0,5,3,0,0,80,0,0,0,0,4,0,0,0,0,0,0,0,1,4,0
GSM1657974,0,0,0,612,0,0,0,37,0,0,0,0,0,0,0,0,0,0,0,0,0,0,0,0,36,0,0,0,0,0,0,0,0,0,0,0,0,0,0,0,0,133,0,0,0,0,0,0,0,0
GSM1657975,528,0,0,328,1083,2,0,0,0,0,1627,0,0,0,0,0,1,0,0,0,0,0,0,0,0,0,0,46,0,0,0,0,0,0,0,0,0,76,0,0,0,0,0,0,0,0,0,0,0,0
GSM1657976,8,1,1,0,4,0,0,2,1,0,2,0,2,3,4,5,1,3,4,9,2,1,2,2,5,1,3,0,1,1,4,2,2,0,3,0,5,7,2,2,2,3,2,0,0,3,2,18,5,0
GSM1657977,0,0,2,484,9,0,0,0,0,0,0,0,0,0,0,12,0,0,89,28,168,0,0,0,1,0,0,0,11,0,0,0,0,0,0,0,0,0,0,1,0,0,0,0,0,0,0,109,89,0
GSM1657978,21,0,0,0,11,0,0,0,0,0,0,0,0,0,0,2,35,0,0,24,0,0,10,0,0,0,0,0,5,0,0,0,0,0,0,0,0,0,0,0,0,0,0,0,0,0,15,0,0,0
GSM1657979,0,124,0,0,0,0,0,0,0,0,3,0,0,0,0,251,0,0,0,0,0,0,0,0,0,0,0,0,0,0,0,0,0,0,0,0,0,0,0,0,0,0,0,0,281,0,0,0,0,0
GSM1657980,0,0,0,0,0,1,0,0,0,0,0,0,0,0,0,0,69,0,0,1,0,0,0,325,1,0,0,0,0,0,0,0,0,0,0,0,0,0,0,0,0,0,0,0,0,0,4,0,0,0
GSM1657981,8,0,0,0,0,0,0,8,0,20,144,0,0,0,0,0,0,0,0,0,0,0,3,0,0,0,0,0,0,14,0,0,0,0,0,73,0,0,17,0,0,0,0,16,0,0,0,60,0,0
GSM1657982,104,2,0,95,3,0,0,23,0,0,0,0,0,0,0,82,0,0,0,0,0,0,0,0,2,0,0,0,0,0,0,45,0,0,0,71,5,0,21,0,0,0,0,60,0,0,1,0,76,0
GSM1657983,31,6,0,0,34,0,0,0,71,0,42,0,0,0,0,27,0,0,0,0,0,0,0,0,84,0,0,4,34,0,0,0,0,0,0,0,0,86,0,0,0,0,0,0,0,9,1,109,43,0
GSM1657984,0,1,0,0,0,0,0,0,8,0,0,0,0,0,0,188,3,0,47,1,0,76,0,19,83,19,0,0,0,0,87,1,0,0,0,0,0,71,76,0,419,30,0,0,0,0,0,0,2,0
GSM1657985,39,0,14,0,0,0,1,1,0,0,0,0,0,0,3,0,0,0,0,44,0,0,0,0,13,13,0,3,0,105,0,0,0,0,0,0,0,0,0,4,0,55,0,0,0,0,68,0,3,0
GSM1657986,0,11,0,97,0,0,0,0,0,0,0,0,0,0,0,352,0,0,0,17,0,0,0,0,15,0,0,0,0,0,0,0,0,0,5,0,0,162,0,0,0,0,0,0,0,0,0,0,290,0
GSM1657987,51,29,0,34,0,0,0,0,0,0,0,0,0,0,0,214,0,0,0,36,0,71,0,0,0,0,0,0,0,0,0,0,0,0,2,0,0,0,0,0,0,0,0,0,0,0,1,59,9,0
