1.701208475612380269e-02;-1.161970353907270381e-01;-5.628143540003534895e+00;2.082798834405079180e+00;5.722274712543224062e+00;-3.944494831794664869e-02
2.880734776461259597e-02;-3.831997670189328797e+00;8.624422204478006115e-01;3.649024204988733366e+00;-9.127023429327457693e-01;-3.999916256003206022e-02
1.075195800932143668e-02;-1.068393392691949995e+00;-6.837164085254880064e+00;4.552681835884643924e+00;-4.141900066877192366e+00;3.110217514830625196e-02
-5.107731823057423681e-02;1.893749214608038134e+00;-5.446356893219485018e-01;-2.880949297116723429e+00;-5.272892826977885861e+00;-4.118229214229895269e-02
-4.912611299493686856e-02;-8.155380912656462478e-01;3.607223204594048216e+00;1.953521624636150866e-01;2.332817393630627123e+00;-1.789192640091049613e-01
-2.151266685469865186e-02;9.700316542434778810e+00;5.704034279478987557e+00;6.172928208049320631e+00;5.413355969032406234e-01;6.806208994621586184e-02
6.023896361949163808e-02;-2.539463083320812054e+00;3.297060136364816096e-01;-5.257431925390575245e+00;-1.265694134815972660e+01;5.996742975069342674e-02
-3.997875164344271565e-02;-7.592714293280691251e+00;-2.458174339196125047e+00;2.697587906044336847e+00;-9.199429154300446942e-01;7.963323975181632944e-03
-8.034247258232793398e-02;3.129650418859815542e+00;-9.222301065797028130e+00;-5.440457671429664188e+00;-3.411834962216282907e+00;-3.214239428072391408e-02
2.750405306242649853e-02;6.216687841526777447e+00;1.558764374168952527e+00;-3.380073507763043383e-01;-9.656856789056580403e-01;-2.757489459717325786e-02
-1.406594722815617633e-03;-9.971392097807600052e+00;-1.210794358954607475e+01;-8.282407981715799394e+00;5.457944864893836900e+00;-4.227731933784803497e-02
-1.461114781764659767e-02;-9.543582086836430722e-01;2.118056659853379542e-01;-7.779807800576731047e+00;-1.259699914677872012e+00;6.087988371474199051e-02
-1.107931363601826532e-03;-4.949042953621253460e+00;9.699436460080874678e-01;2.240545879378084582e+00;-2.113310992960863111e+00;-5.142097179893102138e-03
1.609995489095410529e-02;-3.513534154552351296e+00;8.752797190161265561e-01;2.797153900088194423e+00;2.678756446015746029e+00;-2.191062438931044506e-02
3.198760361234627425e-02;-2.497178864012625343e+00;-3.952105950414547930e+00;3.915168671696496627e+00;4.654183783941731711e+00;7.223792008897485240e-02
3.690274191399074699e-02;-4.900568017031726953e+00;1.258129628378191756e+00;-1.197403215378073593e+00;-9.939304206123116714e+00;2.772139234589755807e-02
3.103769921045335806e-02;-3.087132074860047926e+00;2.156164971737705383e+00;7.667088434958728271e+00;5.145270644364521306e-01;5.037348894968564361e-02
-4.609287213292333901e-02;-4.989348455333361798e+00;-2.714708875444938330e-01;2.418950799748710967e+00;-3.951713512994385891e-01;1.891688193079250901e-02
1.817295238005201333e-02;-7.041468239056113632e+00;-2.624804665990106756e+00;1.362472960614829631e+01;2.605471767406263961e+00;3.433063961708327644e-02
-8.781314401867622299e-02;1.296737444509062875e+01;3.767028347591557136e+00;-4.969547474319113256e+00;-1.672369810869070106e+00;-9.544341068102344533e-03
5.716042444803992595e-02;-1.898428253636392560e+00;-1.896535484642536629e+00;-9.637827259603021446e+00;7.807645488973383507e+00;-5.433768843115810432e-02
7.994019488459214173e-02;-5.504953085351786513e+00;9.322983256983661260e-01;-1.406362504021890503e-01;-7.203474568500266351e+00;1.661379851102716063e-02
1.071906740318056689e-01;-9.566881776311062513e-01;-1.988564531009552327e-01;8.098782307598099806e+00;-5.166498601915831657e+00;-2.880363219493541072e-02
-5.859422122414290057e-02;1.258040160189801693e+00;-9.157782640127450691e+00;-7.256885771716666156e+00;5.244221383224210165e+00;-4.102139882987268504e-02
2.640891595644654505e-03;2.438702986610366275e-01;-8.292011493754124274e+00;2.160529743901800526e+00;5.338571721528423630e+00;5.762919205725607757e-02
4.321792786246664297e-02;-3.502138442341084623e+00;7.516949699304830146e-01;-4.029243406165204711e+00;7.816180850179974549e-01;4.908566848162034674e-02
4.764404916903259776e-03;-3.581905449863787894e+00;1.113911587699325523e+01;5.144973007224527883e+00;-1.054151611588730120e+01;-1.332610104950780749e-02
-3.593216785654331641e-02;4.064049837686521727e+00;4.943686513195420851e+00;-4.210315576368558688e+00;1.702779623843919676e+00;-3.072509099879036643e-02
4.316090849366379517e-02;-2.123405695586548236e-01;4.065575569494029651e+00;-9.851214576063128447e+00;6.244753328623950495e+00;-1.248400199378864595e-01
1.045369932144833841e-01;2.638783802756512031e+00;-1.611106487216431571e+00;1.999724305787105250e+00;4.649331233268981123e+00;3.553396624058616227e-02
-1.847558691213851967e-02;1.096328115759848032e+01;3.112555571990853309e+00;8.072575759424568176e+00;-6.267467365542726654e+00;-6.804065677127692224e-02
-3.437304564741848478e-02;-2.585132957169805401e+00;-1.217189492144270302e+00;7.418059486949862835e-01;-2.334628745999952404e+00;7.835203622869182233e-03
5.209866662337238503e-03;-1.627869259617980902e+00;-7.076457206521178378e+00;8.895596922641352933e+00;-1.668844267170927154e+00;-1.380439835375241869e-02
-9.115421420356518978e-02;1.967187246011083523e+00;-4.395163706604518161e+00;1.778400770699788191e+00;2.257800263593172208e+00;3.517574433723877000e-03
5.382232194457132286e-04;-3.466116210680864285e+00;-1.478844854693570854e+00;2.944642221196812848e+00;4.689755149136304979e+00;-1.951882561966334154e-02
-6.062700567885812020e-02;1.052164725976302861e+01;2.964447489362012966e+00;1.232040031448771973e-03;3.247084233463131131e+00;-6.034587277178308194e-03
1.271081677711523208e-04;2.489131497317940145e+00;3.272559218272857340e+00;-3.221262302427328805e+00;-6.397007800866850502e+00;-6.888465751198392939e-02
-8.157898751610283272e-02;-2.521989615532784335e+00;1.131349313047489202e+00;-1.680253717165570926e+00;8.641474120537100401e-01;-7.285897895154395953e-02
8.096931498721804399e-02;2.318973666407281975e+00;7.731035580071027979e+00;-4.529103520760585866e+00;-5.771551310071187046e+00;1.078628296874798026e-01
-1.167718930239045744e-02;1.363349516610982803e+00;-2.631303539278838421e+00;5.699529022418102775e-01;5.347873421948237116e-01;-3.153146167216793611e-02
2.620753465427888215e-02;1.937087252310567109e+00;-3.985157076631039352e+00;-1.192788645514677670e+00;-3.243572970906850372e+00;-6.629235370863220678e-02
8.841728756650227283e-02;6.289467279191561566e+00;-1.761722676657104580e+00;-3.701085384016902680e+00;-3.910166488991210221e-01;1.345986826923342705e-02
5.201879852466909093e-02;-5.435347298201574695e+00;7.910571024174950505e-01;-1.215298515094653364e+00;5.963949115765317721e+00;4.817838637406639951e-02
-3.957680302030901209e-02;-2.304706694358755747e+00;-3.007345895389340051e-01;-2.753849840454165587e+00;6.439554442173452742e+00;-1.094856837129508723e-02
-4.313561063162924675e-02;-3.139960685804193297e+00;1.941968896931583366e+00;-4.436232868123777706e+00;-9.230611872587290989e-01;-5.208475933786711753e-02
6.148250584569689425e-02;-2.932827241271711016e-01;4.798920494607079590e+00;-1.252586149133713800e+00;1.521645966611635536e+00;-1.514018886382589336e-02
8.235541424777155159e-03;-3.673071261595964199e+00;-1.129126595449285286e+00;-6.907806150548950974e+00;1.216375129577896841e+00;-4.503658589912848398e-02
-5.204516367474552180e-02;7.781300164589172397e+00;-8.949291879095000457e-01;3.678121237510671993e+00;1.175630046845364873e+01;4.540254647647007369e-02
-2.741237789360044877e-02;-3.299172106339527843e+00;3.043474981606361762e+00;-2.284818334781170801e+00;-1.489275673530612076e+00;2.178715607989631375e-02
-1.479253322891037684e-02;-8.686707968808738300e+00;4.525151749850523153e+00;-3.755345735754071157e+00;3.695223209909710427e+00;-2.953564378545818839e-02
5.268985636165976483e-02;1.120840483025099843e+01;-3.016860709301077748e+00;-1.573369941220322588e+00;-1.600800686354676206e+00;-8.152666023503724047e-02
5.772329887202293924e-03;-6.775902028579597669e+00;-1.817446476089216834e+00;-3.947306879352576292e+00;4.106975464860954439e+00;-8.843166748112377129e-03
4.050398168077163491e-04;1.896562771884672038e+00;-1.543711475521298482e+01;-9.314775914037731752e+00;6.814306439173005714e+00;5.992989363380964163e-02
-2.920748556759299175e-03;1.094574662458258274e+01;-2.578202689721218910e+00;-9.953657587523910832e-01;2.341559695633528726e+00;-5.617271806565247300e-02
1.063115558969927009e-02;-4.674600913943320890e+00;9.027421915251385709e-01;1.028076922807569282e+01;2.011006544130923501e+00;2.523511534494860681e-02
-5.341436911635673301e-02;3.709431862703760352e+00;-3.705783882261619588e+00;-2.410011761904407468e+00;-3.443841700267615380e+00;3.002795860712132586e-02
-4.054545856301149803e-02;-5.245026521103977046e+00;-1.750035331734812960e+00;8.688958863376731401e+00;-9.428719212385278103e-01;-5.226320985998448437e-02
1.865362761955914259e-02;-1.653752709517970265e+00;-4.884729157832108370e+00;-1.529472167163091534e+00;2.439045458901365038e+00;5.589779841290325874e-02
-4.029863836509416791e-02;-4.607240482148654337e+00;4.499640957786048112e+00;-6.353817514587484228e-01;-1.147950795196118534e+00;-5.240264581353647894e-02
-2.596421509173809858e-02;-3.476574567802989124e-01;-1.547522065226418997e+00;2.533721694641669409e+00;1.164590029290738737e+00;1.569418231988315218e-02
-9.483426454536825201e-02;-1.669586091714835074e+00;7.774536432289140819e+00;1.693742916018076139e+00;1.560275424340911155e+00;-1.419041573180918926e-02
4.363807001265428663e-03;-1.458124791617107174e+00;-1.284159510044522001e+00;-4.565088194325814364e+00;-4.132770639965561155e-01;-1.362964297315056965e-02
3.601737042226907382e-02;5.792714168185821855e+00;-4.906843989536860406e-02;9.426926378050605182e-01;-1.730817972649678183e+00;-6.429444341540606345e-02
-2.628004891211119243e-02;-1.052775255829518741e+01;-8.624287366466141247e-01;-6.784407150605425763e+00;-1.561252603337283995e+00;-8.308267808862493733e-03
-3.523631977081544825e-02;-5.778573162309146305e-01;6.863562406048099973e+00;-2.738110084547777490e+00;4.842234782126057624e+00;3.307891426054825751e-02
5.481490894490427535e-02;7.635821274764071909e-01;-2.423600072435535324e+00;-1.415217084457642116e+01;-1.685986091170425860e+00;2.814901395371227286e-02
-2.354525748856793610e-02;-2.317121083348046451e+00;-2.588753584271896724e+00;3.842249166750864475e+00;-5.853646325386279159e-01;1.186939400915065779e-02
-2.751425275331986775e-02;9.243855722287601662e-01;-7.294848350958375249e+00;-3.766620004637241337e+00;-4.092938488472134040e+00;-3.175562014252880649e-02
2.576815958433700468e-02;5.362469183863010080e-01;-7.886310065082906107e+00;-8.063206796102516449e+00;9.595156639240205010e+00;5.020355990592833412e-02
-2.368325528039751104e-02;2.492660152245978367e+00;-1.612623283423040732e+00;5.342656149087376960e+00;3.883647239555435782e+00;9.984025563878949627e-02
-2.598363621264590528e-02;1.344878016681366617e+01;-3.620521990679511859e+00;-3.150988723647243805e+00;8.892910710961810850e+00;3.755218184744069099e-02
-6.861036201583113614e-02;3.223376331453354560e+00;4.835296784672774351e+00;2.688742021544717087e+00;8.235445673126664090e+00;4.729954174473735562e-02
-9.669661730009188050e-02;5.164858486723931108e+00;-2.475814189989327563e+00;-6.783934288735239626e+00;-2.558257730658232143e-01;-4.756226690058150408e-02
1.953864823923998073e-02;-9.555911925897231374e-01;-2.056537871932180739e+00;1.005905797034389337e+01;-4.442500206907443072e+00;8.201934680787185961e-02
8.649953804084932474e-02;2.189414546949669749e+00;5.985502514922655948e+00;-3.598945225537730330e+00;1.585964691831934559e+00;9.663099860625956605e-02
-3.553935239023189169e-02;-2.181426363807931423e+00;6.301676043058952459e+00;2.929270243706302068e+00;7.558755333701088208e-01;5.304807543594095703e-02
-5.451303098581868588e-03;4.030155750176178664e+00;1.839227453131022649e-01;-5.875856560567582321e+00;1.851921560725354610e+01;-4.401901554984136156e-02
-1.128359554558841862e-02;1.073023248994346091e+00;-2.720863345778290032e+00;-1.680095466822932648e+00;-7.781756928270269769e-02;-3.964529785643354509e-02
1.311152117606317197e-02;-1.465787137270352647e-01;3.364634069587637999e+00;2.904888591499386052e+00;-3.732135604730284495e-01;1.012227715359764191e-01
3.676161685506790233e-02;-7.183722505431982874e+00;-5.237655539681425054e-01;-3.291890005690722987e+00;5.560275110083847672e-01;1.185120787257086528e-02
2.257150125805380825e-02;6.527248180216808748e+00;-2.544244094664664502e+00;9.411358768288902610e+00;-5.402854639848171381e+00;-9.128867771434982445e-03
-1.258242483740905186e-02;-8.953743922885159634e+00;7.992657708178979803e+00;-7.945891193121855878e+00;-4.401886563143069253e-01;-5.589181441751610996e-02
4.016154980813028963e-03;8.897185307293668188e+00;-4.675412463897629323e+00;-8.758767809251157388e+00;-7.706067212688976653e+00;-6.753972054385234958e-02
-5.418008786906881868e-02;-3.855065025883824825e-01;-7.514654623297065683e-01;1.660820007294513956e-01;-3.308755169827927833e+00;-8.057343238923658779e-02
2.479322722001959037e-02;-2.156229179970210463e+00;1.978786961829718649e+01;-3.784733351701156323e+00;2.599293170065919978e-01;-4.487327717792796711e-02
-5.324916054825334921e-02;-6.355197331061960497e+00;-2.683278651484768407e+00;3.815665031241438854e+00;1.319966678641154356e+00;-4.422759348629523579e-02
2.748480886727458494e-02;-1.307146730646242760e+00;-1.254757056738849075e+00;-1.558511846004718704e-01;1.477391298388522234e+00;-6.438088921196019609e-02
-3.367172199926407594e-02;-1.835357786131144309e+00;-7.446217777519783532e+00;6.683353590502426833e+00;-3.677760397783398361e+00;1.123391329634050168e-01
-2.292380493222964666e-02;6.265624202221367511e+00;-8.352431833903441571e+00;-3.236955107358794770e+00;-6.037528472878614494e+00;1.153747080862495451e-02
3.830764484384856922e-02;-5.631979189400939667e+00;-5.717704078506584686e+00;1.093765860072082985e+00;9.183020024390248892e+00;6.941664864868317408e-02
2.943606084298622250e-02;3.646109353905027106e+00;7.503922828310853888e+00;2.421627657129464151e+00;-2.026810773668753729e+00;4.420407862688294220e-02
6.251204309798445713e-02;1.439063164083491220e+00;2.873549487218869380e+00;9.633634934912558734e+00;-7.642809047331853733e+00;6.924682455518042790e-02
-5.328391320405650826e-03;-7.320022118372974340e+00;-3.468456086107163827e+00;1.929014276991389387e+00;-4.594513813835085614e+00;-2.542303748444254066e-02
7.579183556467537775e-02;1.197785970158438351e+00;3.424703398912776642e+00;1.081409250648141906e+01;3.747457367908736181e+00;7.166312548545082650e-02
2.080620694834641946e-02;1.051824541340639030e+01;-1.239247316387706910e+00;5.808927029333551317e+00;-3.013148305055929121e+00;-2.464596931844581507e-02
1.675869557823165407e-02;-5.410795658893072790e+00;3.528735696234323704e+00;7.892198322238069830e-01;-2.922262377082182727e+00;9.552279852386715356e-03
5.231848090665867229e-02;-1.981529341862001470e+00;4.603123851182667536e+00;2.148686216997816256e+00;2.165538320974719877e+00;1.739510623910768636e-03
-1.346001111752497849e-02;-4.657528935739550846e+00;6.782073137844172095e+00;2.449598575689052038e-01;6.529163670205401004e+00;3.734241688399708020e-02
-2.343009680623002466e-02;-1.966925548497792997e+00;-8.093201796539231552e+00;9.639604226672905396e-01;2.915126636038201102e+00;2.481494867754780592e-02
2.255994272575984755e-02;3.184025354170509470e+00;-5.673828034369357010e-01;1.632766771941835393e-01;-4.365400905090922379e+00;6.779489786964276732e-02
3.748095111541217134e-02;1.346411048228704388e+01;-2.047119753165940637e+00;-1.584617693128569593e+00;-5.144171453106050507e+00;7.337737146763771701e-03
1.170597240310655013e-02;2.332010230307355325e+00;-3.521976338481866531e+00;-6.895350300017285328e+00;-1.060803397316990981e+01;2.042671829681015974e-02
-4.284109658767702722e-02;-2.511446394641515312e+00;8.022447276816675910e+00;-7.735094308832984211e+00;-5.045626628221379306e+00;2.580192179547705078e-02
-8.655040474847936274e-03;3.875382566842111132e+00;3.215189658711232745e+00;-1.842671081334143812e+00;-7.050932876400499705e-01;7.131996839487091122e-02
1.631240684575364659e-03;4.466991216569398127e+00;-4.459557045311371759e+00;1.059349723201147953e+01;-7.643675756590308235e-02;-1.576916581810314591e-02
-1.441930362740995869e-02;7.715775415346173283e+00;-4.252507322712732574e+00;6.325019194826209556e+00;6.063192061911940378e+00;1.767866339976374365e-02
4.840431360248312331e-02;-5.027984100450700211e+00;2.784428164328592192e+00;-9.327274613145858595e+00;-2.583660317607101575e+00;-1.663579277287002486e-02
7.216355007716838965e-02;-2.941736593560003055e+00;-5.348990972622813089e+00;8.585421830557343981e+00;2.812981336599998272e+00;-8.427030427132664592e-02
-1.251846378587835040e-01;-3.292431043256271561e+00;1.929623490668770147e+00;-1.108708874626425533e+01;-7.931681482554781226e+00;2.148450617286153802e-02
-3.591486235059207499e-02;2.406078572581147768e+00;6.537458064007996006e-01;-1.697032175696495226e+00;-2.806776882112764326e+00;-6.558959058587982179e-03
5.877134781253611634e-02;3.090701821190373177e+00;-5.889559151006559468e+00;-5.506334783595296933e-01;2.539566616452792580e+00;3.547781204202762190e-02
5.076580149832200795e-02;-3.651693024318816150e+00;-3.910398992279955355e+00;-9.850533066406171656e+00;1.978095228488282453e+00;-4.802935428653892086e-02
-1.769898708582710173e-02;-5.130190345769054971e+00;1.450813816348428320e+00;-5.115904119259360172e+00;3.013426931753555582e+00;4.577959730721641723e-02
-6.466688656397739932e-02;-6.696302220088091950e+00;6.306763697422948844e+00;-6.318159271398488208e+00;-3.661740774828217582e+00;8.298311662279067580e-02
3.509964808383110590e-02;4.996749752677049905e+00;1.975508164933647837e-01;-5.200054110094623816e+00;3.434924615868597986e+00;7.260139270989922344e-02
6.161499758938722426e-02;4.229969747788087986e+00;9.724921048218387876e-01;3.250197008770095763e+00;3.267698177853399777e+00;1.068049761127585068e-01
3.077863412312384014e-02;3.520609053897615581e+00;-3.251852932713634292e+00;-1.127824411477140298e+00;3.490858981146969686e+00;-5.370650133432000595e-02
-5.417656976453623374e-02;4.131742869148834485e-01;-9.483981832088156594e+00;-4.437854754173040206e+00;-2.324785294829331050e+00;3.943846073927261692e-02
3.193501585863884468e-02;1.720956617016774493e+00;2.927249666812026252e+00;-2.992276782068510776e+00;-4.835119744159791288e+00;3.605053259369768448e-02
-1.765842304254949466e-02;1.136542243446835343e+01;1.149567314868728651e+00;3.542539813734576271e+00;-8.929856583837714190e-01;-6.022215435428375681e-03
-4.235123098725325150e-03;5.941131744058969488e+00;-3.422107714109289933e+00;-5.977250746127643621e-01;-6.694846319211401386e+00;-5.204314801542536152e-03
-2.659661326296075892e-03;3.168906120017136008e+00;-4.082263983990323197e+00;7.992831357282977223e+00;2.436608665235731941e+00;4.795509209095111247e-02
-9.272868331200787018e-02;1.038342898430346217e+00;-1.605831875404699627e-01;-3.635340736607083900e-01;-3.951629633672695707e+00;-2.627945759652039470e-02
-1.156211193571913230e-02;-1.895135679765708181e+00;-3.938735629875118605e+00;5.119280146713079738e+00;-5.198570145290547728e+00;-7.575835436159562841e-02
1.917473376872034369e-02;-4.429669268202824028e+00;3.018399771531712350e+00;-5.765815129016095497e+00;3.257461563189881559e+00;-3.112221008805421060e-02
-1.351915408515248253e-02;-2.539437224737459697e+00;1.383941122090507625e-01;1.881710443108537634e+00;-7.508772916550756626e+00;-2.294513768466919720e-02
-4.913466132745815396e-02;-3.089698274042022241e+00;-2.646166647800447080e+00;3.984655212771210486e+00;2.794597118551986448e+00;4.223023230918324100e-02
-2.764914311895745949e-02;-1.221808086806705873e+01;2.996001347521098701e+00;-3.200213512373091707e+00;-7.312479633846908023e+00;1.377175395183878603e-02
2.202414981785128997e-02;8.886967989136289603e+00;9.272348734750572419e+00;-6.909874349157292261e-01;-1.075044420477814011e+00;2.858847662322460889e-02
-5.530745155499872112e-02;7.714763035711852401e-01;-6.544446600629169275e+00;1.687607889729190624e+00;-2.957452929079269488e+00;-3.141258478816678218e-02
-1.712372710940625667e-02;4.210310702251976345e+00;5.056485859968022467e+00;-1.774380370830535902e+00;-1.792628411608075067e+00;4.782201421533081691e-03
6.052835043628558565e-02;-6.899714836462460532e+00;-5.925759393742832337e+00;-4.712454213485637311e+00;-1.851597180976875867e+00;-2.856276870451626357e-02
3.479839308888169058e-02;2.645071847038946711e+00;5.475849405471791442e+00;4.417040587437245924e-01;4.989802209782696618e-01;5.613866931379493837e-03
-7.171815896150787739e-02;8.943691145175483026e-01;-1.804581908969120851e+00;-7.427705257129963989e+00;-5.315360080342506066e+00;-6.226681672260910017e-02
1.953499976907287217e-02;1.506083065386191411e+00;1.165697289559456173e+00;-1.319171644171769309e+01;4.425936632304832585e+00;2.924498635989142975e-02
6.702455248409321283e-03;6.412722680829863187e+00;3.778716481050141685e+00;-4.261792902304258668e+00;-1.729078238370411746e+00;-4.736080708655762000e-02
-1.111699726235850366e-01;6.777349613222655833e+00;1.929675895589883838e+00;-6.218818769155584292e+00;-2.103406286239614786e+00;9.355734945831148744e-03
8.939018436251436328e-02;-1.320692807418802772e+01;7.198258831335997421e+00;7.165964710841540075e+00;-6.746895415549626351e-01;7.060299524826389728e-03
-3.970103899176954942e-02;2.352404102011302456e+00;-8.544980850981577447e+00;1.783468055190534862e+00;-2.165074869923205636e+00;-8.853321679766087970e-03
1.811464200499497343e-02;-3.675833990271031304e+00;-4.905907576415911464e+00;1.142926462663696130e+00;2.801218388021179173e+00;-6.962563744480823602e-02
-1.644673181411763010e-02;-1.511349921058833701e+01;-5.813721693986723338e+00;-3.348567204757213478e+00;4.430441465145597668e+00;-2.449045597401513369e-02
2.818851782417782295e-02;1.118177923882978764e+00;6.635487701622254875e+00;-6.307684281388221237e+00;2.407599778305427041e+00;-2.173185562833092679e-02
-3.912728453881375579e-02;2.539066339880827528e+00;7.129620729966373860e-01;-4.901638419587690088e+00;-6.772277722177833859e+00;3.111970110714076809e-02
9.597163174596155810e-03;1.156694636950725830e+00;2.546614820257659062e+00;8.231949698809232885e+00;-6.208405354370390761e+00;-9.000892110370953270e-02
5.421459794501923453e-03;7.143550356032822179e+00;3.177432733876443649e+00;-2.786037672066703053e+00;-1.017769009081312781e+01;-4.211455416559826276e-02
2.791476086059688916e-02;1.175639274394356004e+00;-7.529147135273656088e-01;3.084908831636716808e+00;3.130525421516010987e+00;4.470704719860685988e-02
7.006327739842708492e-04;6.756002793628042014e-01;4.713012480592117193e+00;-1.509072560696061327e+00;3.877606490772208758e+00;1.154793362071836367e-03
6.592893444662323299e-03;2.168078744174503747e+00;-5.134461011799892560e+00;9.181669572597728202e-01;4.140504640065072017e+00;-1.271073828892429342e-02
-5.798335003755218653e-02;-2.401245662229512412e+00;-2.422301310839416022e+00;8.813365846556820316e+00;-1.697887152553330559e+00;1.221560176588182278e-02
1.228937933406582146e-02;2.880141823566737092e+00;4.364531496157622037e+00;9.714083229960067456e+00;1.422273127022851913e+00;1.836246445878791933e-02
8.107854190030981678e-03;-3.970838044339105366e+00;-1.090200354707088870e+00;4.715886372090501766e+00;9.245026993806535032e+00;-3.280195064111273567e-02
-8.192503381889568170e-02;-2.597477531757531044e-01;-4.555027946096307900e+00;3.444489182988141884e-01;-3.469876326307590020e+00;-1.485954654507271044e-02
-2.804840415529639280e-02;-5.013977585053491559e+00;-5.534129937839998625e+00;-2.790775825482123551e+00;-9.411776610085359485e-01;-8.412424893933848069e-02
4.850572763457441927e-02;8.052778808354664974e+00;-1.131100515160341269e+00;4.570385786659400651e+00;-9.635253368127447149e-02;-1.709683007183974979e-02
1.069739592836685058e-02;4.631139880477322279e+00;4.188364879865964063e+00;-1.507888363360936346e+01;-1.079716238855431831e-01;-7.888690121795122190e-02
1.829129690401128452e-02;-8.086995857940074472e+00;-4.534730567824745151e+00;-1.223287454098480831e+00;-7.964400884117118551e+00;9.668237768232088025e-02
-6.104506830149702967e-02;-1.385000143484381718e+00;-6.651320988238007104e+00;2.799304125357886974e+00;-3.945090755878381650e+00;-8.792628604142168833e-03
4.283360136513354038e-02;-1.097890671864937939e+00;4.209760791670124291e+00;5.917518057199564474e+00;-7.395647414159053135e+00;9.772321617018461803e-02
-6.956431326722061631e-03;1.233650642592240221e+00;-3.491871443980638645e+00;-1.806574700695140034e+00;2.508353841648289340e+00;2.365437056591083997e-02
3.486208341937641758e-02;2.796736124079137298e+00;-1.267768988115078166e+01;-7.028394831041269164e+00;-1.347060113730684350e+01;-1.564506728644486644e-02
2.161997127494022508e-02;-3.113801156434770512e+00;1.496713550479118693e+00;-1.816316798271106148e+00;1.057202282876509258e+01;-5.992525480648046993e-02
-3.096247830397485037e-02;-6.094810687177043107e+00;1.393598709427781746e+00;-3.910008339477869521e-01;4.293328679399444958e+00;-3.069440670164426399e-02
5.727795805745690416e-02;1.385404291865354409e+00;2.051983320338949923e+00;-3.612641891666466432e+00;7.261040993405941890e+00;-2.607568167096825651e-02
4.649007196763129367e-03;-8.734889519029634286e+00;6.285723601800080607e-01;6.363013471590962533e-01;1.651902729337933140e+00;-2.999918444421624530e-02
4.436653665147011205e-02;-4.392372047882800778e+00;-2.446701347965093643e+00;3.504492890124443871e+00;-1.345761395387453513e-02;3.577604690858338793e-02
8.563839888086899332e-02;1.032022982671561095e+01;-5.784765144039542228e+00;-1.261926514964038182e+00;3.878126895471388114e+00;9.461940026462074133e-03
-3.220070053202226529e-02;7.733409258238586936e+00;-1.140272189500814326e+00;-4.366137028294089006e+00;9.077721485334029339e+00;-5.392943693365686783e-03
9.718894482452719585e-02;-6.260595024539691522e+00;-2.124673082777587041e+00;1.959847461773420951e+00;8.153107377402220024e+00;9.062349427616869790e-02
1.987250322815319742e-02;8.021218138732804093e+00;7.127526514784666034e+00;-3.680715161943871827e+00;-5.992696445076425293e-01;-3.050228511181159174e-02
-4.022064691218184967e-02;4.641959753178258374e+00;1.217429017342712072e+01;-5.092086760777535526e-01;-1.699622502853063155e+00;5.763785702445842901e-02
-2.365726728624111333e-02;6.480130778373788480e+00;5.176099259475384073e+00;2.625872790069383900e+00;-2.886354440082698591e+00;2.303515678685093271e-02
-2.158964518884554443e-02;2.303216780566985200e+00;4.368842226151155028e-01;4.765051731160020232e+00;-8.534188950236758942e+00;-6.163491706907221757e-02
-5.468003831712066332e-03;-4.952142887628571133e-01;8.124010180561951344e+00;-6.276268196000766020e-01;-6.237470663931206083e+00;2.386928841733271245e-02
6.046608341055005609e-02;-2.055283907213164341e+00;8.847837998506268065e+00;1.155048833046699253e+00;-3.072705481169727193e+00;5.257408973195885210e-02
3.028949592035955554e-02;-3.303776056702156350e+00;3.448683118860702557e-01;4.832875168739647620e+00;2.295099712894241861e+00;1.816359169589018552e-02
-3.026832213589085788e-03;-4.314619439291712766e+00;-3.638057837420365814e+00;1.117276097727355255e+00;5.876441019804705235e+00;1.888588827210621601e-02
3.300391115969405348e-02;-3.571770084048641714e+00;-4.660052551725236691e-01;-4.086327415017408704e+00;-9.361064421888493081e-01;-2.288702340551943340e-02
-3.703229752044447792e-02;-4.725794910984159714e+00;4.424388133755066121e+00;4.974070753594296512e+00;-8.183058310936594637e+00;-6.675704038724511458e-02
1.161047934761063466e-02;3.412127999966197422e-01;5.602883934707261204e-01;5.854312894467952333e+00;-1.444982356835236570e-01;-5.082812581718432199e-02
6.872087493884775078e-02;2.125261856657533421e+00;-9.965620525386898604e-03;-2.389127864267853507e+00;5.142830007724743524e+00;-1.680383500507794461e-02
-3.528527374291384050e-02;-3.676800003017838936e+00;8.627453266086485328e+00;3.149635106007796281e+00;8.938228079653486091e+00;-7.444229249487042260e-03
2.379238933904029296e-02;4.863134793969040359e+00;-1.205198870938772693e+01;-2.314823507299039740e+00;-8.148128823230550433e-01;4.738782558268790114e-03
5.888221420747156293e-02;7.841793760225947096e+00;-4.251679609882565103e+00;-3.235413037682103088e+00;-3.074617735301559129e-01;1.848163401719624468e-02
2.182320276147815298e-03;8.235438608156635532e-01;-2.112314731663065270e+00;3.204428165139966422e-01;6.951809567791148226e+00;-2.441455935626847193e-02
3.341645148577390007e-02;-8.720621734332462793e+00;-2.126069693697473895e+00;-2.746159130055993103e+00;-8.052666836774765358e+00;7.839097358052421471e-02
5.301712074298369631e-02;-9.167453450765636447e+00;-3.504121431635680128e+00;1.101050910854654674e+00;5.883733470801205456e+00;-1.587490973362033113e-03
1.170336387104797815e-02;-2.003774745762518794e+00;-2.219654423566535806e-01;-1.151059829192051742e+00;-1.933414065661631431e+00;-1.286406077343086596e-01
-3.003167220425714476e-02;-5.909864061000739355e+00;-1.259030906393386040e+01;4.133365545877334846e+00;4.043432802633700973e+00;2.387585889125232175e-02
-4.404935376747612374e-02;7.608016271016293519e-02;-4.939403701407313108e+00;7.992170533792933185e+00;6.603093989851291035e+00;1.761542503346674726e-02
2.070703744642591205e-03;3.896644065985586991e+00;-8.943402182502079967e+00;1.172134677367315136e+00;8.854541672185856527e+00;-2.399892773713031141e-02
1.276551019978420382e-02;3.163635622255099200e+00;8.432061344255961544e+00;1.886655128039517182e+00;-1.526592133578882482e+01;1.458018146938305261e-02
6.305906755598215951e-02;-3.023069724377389633e+00;3.956270708365539068e+00;-9.006615728296279988e-02;8.399072713663827017e+00;-1.100235055389216406e-02
-1.644477831450331246e-02;4.156359366314410941e+00;-2.785292058109325009e+00;6.052382831168578115e+00;1.634351684416881501e+00;-3.175624465949111741e-02
6.766560272051383440e-02;7.326296980857650354e+00;9.471469693953412872e+00;-4.655793294048463871e+00;4.678755820277638477e+00;-8.412936946941238295e-03
-2.002092178561861065e-03;-6.817697926447215728e+00;-4.511600768675853246e+00;-9.422333795532457368e-02;7.533082783876611010e+00;3.471860511695581963e-02
-7.610619284700723131e-02;1.228086525398555651e+01;-9.459892991369024173e+00;-3.442425161649695475e+00;-1.146755230899555222e+01;-1.712221081350688567e-02
-1.020882131063337826e-02;-1.112753970000624548e+01;-1.078308448520282248e+01;-6.141534659972284871e+00;-4.449427192374216133e+00;4.675639843799035689e-02
-1.271085587522219340e-02;-2.491294787501535435e+00;-2.151820889005524873e-02;4.702499547267459334e+00;7.033957365565724373e+00;-5.748605285889142602e-02
-4.738275764393386214e-02;4.887426516279722577e+00;7.590484910055375067e-01;2.300827783960525785e+00;3.749223970664150585e+00;-3.141414399682892350e-02
5.091454694047562596e-02;1.844485025198120631e+00;-2.762986111961934221e-01;1.644423782249235355e+00;3.334687215980732589e+00;-4.947653112725599461e-02
